iso,refdate,fordate,sequence,node,shape,price
ERCOT,2019-04-04,2021-07-01,6,HB_NORTH,Off-peak,1.340913
ERCOT,2019-04-04,2021-08-01,6,HB_NORTH,Off-peak,1.350000
ERCOT,2019-04-04,2021-10-01,6,HB_NORTH,Off-peak,1.391411
ERCOT,2019-04-04,2021-09-01,6,HB_NORTH,Off-peak,1.201806
ERCOT,2019-04-04,2021-11-01,6,HB_NORTH,Off-peak,1.230000
ERCOT,2019-04-04,2021-12-01,6,HB_NORTH,Off-peak,1.330000
ERCOT,2019-05-02,2019-10-01,1,HB_NORTH,Off-peak,0.811928
ERCOT,2019-05-02,2019-09-01,1,HB_NORTH,Off-peak,0.380606
ERCOT,2019-05-02,2019-12-01,1,HB_NORTH,Off-peak,0.302355
ERCOT,2019-05-02,2019-08-01,1,HB_NORTH,Off-peak,0.550000
ERCOT,2019-05-02,2019-11-01,1,HB_NORTH,Off-peak,0.435335
ERCOT,2019-05-02,2019-07-01,1,HB_NORTH,Off-peak,0.324000
ERCOT,2019-05-30,2020-03-01,2,HB_NORTH,Off-peak,-0.228819
ERCOT,2019-05-30,2020-04-01,2,HB_NORTH,Off-peak,0.840973
ERCOT,2019-05-30,2020-05-01,2,HB_NORTH,Off-peak,0.625365
ERCOT,2019-05-30,2020-02-01,2,HB_NORTH,Off-peak,-0.052913
ERCOT,2019-05-30,2020-06-01,2,HB_NORTH,Off-peak,1.093981
ERCOT,2019-05-30,2020-01-01,2,HB_NORTH,Off-peak,0.319032
ERCOT,2019-07-11,2020-08-01,3,HB_NORTH,Off-peak,0.486516
ERCOT,2019-07-11,2020-07-01,3,HB_NORTH,Off-peak,0.222753
ERCOT,2019-07-11,2020-09-01,3,HB_NORTH,Off-peak,0.039304
ERCOT,2019-07-11,2020-11-01,3,HB_NORTH,Off-peak,0.338807
ERCOT,2019-07-11,2020-10-01,3,HB_NORTH,Off-peak,-0.013241
ERCOT,2019-07-11,2020-12-01,3,HB_NORTH,Off-peak,0.049040
ERCOT,2019-08-01,2021-03-01,4,HB_NORTH,Off-peak,0.279292
ERCOT,2019-08-01,2021-05-01,4,HB_NORTH,Off-peak,0.523456
ERCOT,2019-08-01,2021-04-01,4,HB_NORTH,Off-peak,0.424996
ERCOT,2019-08-01,2021-02-01,4,HB_NORTH,Off-peak,0.651599
ERCOT,2019-08-01,2021-06-01,4,HB_NORTH,Off-peak,1.004167
ERCOT,2019-08-01,2021-01-01,4,HB_NORTH,Off-peak,0.658669
ERCOT,2019-09-05,2021-07-01,5,HB_NORTH,Off-peak,0.148319
ERCOT,2019-09-05,2021-08-01,5,HB_NORTH,Off-peak,-0.148962
ERCOT,2019-09-05,2021-10-01,5,HB_NORTH,Off-peak,0.548341
ERCOT,2019-09-05,2021-09-01,5,HB_NORTH,Off-peak,0.730000
ERCOT,2019-09-05,2021-11-01,5,HB_NORTH,Off-peak,0.627223
ERCOT,2019-09-05,2021-12-01,5,HB_NORTH,Off-peak,0.639477
ERCOT,2019-10-03,2022-03-01,6,HB_NORTH,Off-peak,0.859993
ERCOT,2019-10-03,2022-04-01,6,HB_NORTH,Off-peak,1.052729
ERCOT,2019-10-03,2022-02-01,6,HB_NORTH,Off-peak,0.826282
ERCOT,2019-10-03,2022-05-01,6,HB_NORTH,Off-peak,1.150943
ERCOT,2019-10-03,2022-06-01,6,HB_NORTH,Off-peak,1.160951
ERCOT,2019-10-03,2022-01-01,6,HB_NORTH,Off-peak,1.109266
ERCOT,2019-10-31,2020-03-01,1,HB_NORTH,Off-peak,1.005217
ERCOT,2019-10-31,2020-04-01,1,HB_NORTH,Off-peak,0.926719
ERCOT,2019-10-31,2020-05-01,1,HB_NORTH,Off-peak,1.057609
ERCOT,2019-10-31,2020-02-01,1,HB_NORTH,Off-peak,0.469794
ERCOT,2019-10-31,2020-06-01,1,HB_NORTH,Off-peak,0.700000
ERCOT,2019-10-31,2020-01-01,1,HB_NORTH,Off-peak,0.433944
ERCOT,2019-12-05,2020-08-01,2,HB_NORTH,Off-peak,0.111648
ERCOT,2019-12-05,2020-07-01,2,HB_NORTH,Off-peak,0.169168
ERCOT,2019-12-05,2020-09-01,2,HB_NORTH,Off-peak,0.173584
ERCOT,2019-12-05,2020-11-01,2,HB_NORTH,Off-peak,0.292385
ERCOT,2019-12-05,2020-10-01,2,HB_NORTH,Off-peak,0.377999
ERCOT,2019-12-05,2020-12-01,2,HB_NORTH,Off-peak,0.126460
ERCOT,2020-01-03,2021-03-01,3,HB_NORTH,Off-peak,0.663278
ERCOT,2020-01-03,2021-05-01,3,HB_NORTH,Off-peak,0.622037
ERCOT,2020-01-03,2021-04-01,3,HB_NORTH,Off-peak,0.218166
ERCOT,2020-01-03,2021-02-01,3,HB_NORTH,Off-peak,0.586110
ERCOT,2020-01-03,2021-06-01,3,HB_NORTH,Off-peak,0.550000
ERCOT,2020-01-03,2021-01-01,3,HB_NORTH,Off-peak,0.473040
ERCOT,2020-02-06,2021-07-01,4,HB_NORTH,Off-peak,0.025078
ERCOT,2020-02-06,2021-08-01,4,HB_NORTH,Off-peak,-0.318686
ERCOT,2020-02-06,2021-10-01,4,HB_NORTH,Off-peak,0.476301
ERCOT,2020-02-06,2021-09-01,4,HB_NORTH,Off-peak,0.224674
ERCOT,2020-02-06,2021-11-01,4,HB_NORTH,Off-peak,0.268921
ERCOT,2020-02-06,2021-12-01,4,HB_NORTH,Off-peak,0.252222
ERCOT,2020-03-05,2022-03-01,5,HB_NORTH,Off-peak,0.286266
ERCOT,2020-03-05,2022-04-01,5,HB_NORTH,Off-peak,0.365675
ERCOT,2020-03-05,2022-02-01,5,HB_NORTH,Off-peak,0.299486
ERCOT,2020-03-05,2022-05-01,5,HB_NORTH,Off-peak,0.563230
ERCOT,2020-03-05,2022-06-01,5,HB_NORTH,Off-peak,0.557719
ERCOT,2020-03-05,2022-01-01,5,HB_NORTH,Off-peak,0.451110
ERCOT,2020-04-02,2022-11-01,6,HB_NORTH,Off-peak,0.512110
ERCOT,2020-04-02,2022-08-01,6,HB_NORTH,Off-peak,0.442754
ERCOT,2020-04-02,2022-07-01,6,HB_NORTH,Off-peak,0.411111
ERCOT,2020-04-02,2022-09-01,6,HB_NORTH,Off-peak,0.413248
ERCOT,2020-04-02,2022-10-01,6,HB_NORTH,Off-peak,0.792364
ERCOT,2020-04-02,2022-12-01,6,HB_NORTH,Off-peak,0.300307
ERCOT,2020-04-30,2020-08-01,1,HB_NORTH,Off-peak,-0.081013
ERCOT,2020-04-30,2020-07-01,1,HB_NORTH,Off-peak,-0.268881
ERCOT,2020-04-30,2020-09-01,1,HB_NORTH,Off-peak,0.234929
ERCOT,2020-04-30,2020-11-01,1,HB_NORTH,Off-peak,0.266061
ERCOT,2020-04-30,2020-10-01,1,HB_NORTH,Off-peak,0.076205
ERCOT,2020-04-30,2020-12-01,1,HB_NORTH,Off-peak,0.096644
ERCOT,2020-06-04,2021-03-01,2,HB_NORTH,Off-peak,0.606653
ERCOT,2020-06-04,2021-05-01,2,HB_NORTH,Off-peak,0.317960
ERCOT,2020-06-04,2021-04-01,2,HB_NORTH,Off-peak,0.355392
ERCOT,2020-06-04,2021-02-01,2,HB_NORTH,Off-peak,-0.069052
ERCOT,2020-06-04,2021-06-01,2,HB_NORTH,Off-peak,0.480000
ERCOT,2020-06-04,2021-01-01,2,HB_NORTH,Off-peak,0.239311
ERCOT,2020-07-02,2021-07-01,3,HB_NORTH,Off-peak,0.255226
ERCOT,2020-07-02,2021-08-01,3,HB_NORTH,Off-peak,-0.131835
ERCOT,2020-07-02,2021-10-01,3,HB_NORTH,Off-peak,0.475256
ERCOT,2020-07-02,2021-09-01,3,HB_NORTH,Off-peak,0.164960
ERCOT,2020-07-02,2021-11-01,3,HB_NORTH,Off-peak,0.271617
ERCOT,2020-07-02,2021-12-01,3,HB_NORTH,Off-peak,0.278242
ERCOT,2020-08-06,2022-03-01,4,HB_NORTH,Off-peak,0.712103
ERCOT,2020-08-06,2022-04-01,4,HB_NORTH,Off-peak,0.634529
ERCOT,2020-08-06,2022-02-01,4,HB_NORTH,Off-peak,0.343435
ERCOT,2020-08-06,2022-05-01,4,HB_NORTH,Off-peak,0.430000
ERCOT,2020-08-06,2022-06-01,4,HB_NORTH,Off-peak,0.751649
ERCOT,2020-08-06,2022-01-01,4,HB_NORTH,Off-peak,0.370000
ERCOT,2020-09-03,2022-11-01,5,HB_NORTH,Off-peak,0.430279
ERCOT,2020-09-03,2022-08-01,5,HB_NORTH,Off-peak,0.899288
ERCOT,2020-09-03,2022-07-01,5,HB_NORTH,Off-peak,0.683831
ERCOT,2020-09-03,2022-09-01,5,HB_NORTH,Off-peak,0.737894
ERCOT,2020-09-03,2022-10-01,5,HB_NORTH,Off-peak,0.868294
ERCOT,2020-09-03,2022-12-01,5,HB_NORTH,Off-peak,0.325976
ERCOT,2020-10-01,2023-04-01,6,HB_NORTH,Off-peak,0.969528
ERCOT,2020-10-01,2023-05-01,6,HB_NORTH,Off-peak,0.832576
ERCOT,2020-10-01,2023-02-01,6,HB_NORTH,Off-peak,0.524797
ERCOT,2020-10-01,2023-01-01,6,HB_NORTH,Off-peak,0.836567
ERCOT,2020-10-01,2023-03-01,6,HB_NORTH,Off-peak,0.808187
ERCOT,2020-10-01,2023-06-01,6,HB_NORTH,Off-peak,1.050000
ERCOT,2020-11-05,2021-03-01,1,HB_NORTH,Off-peak,0.453434
ERCOT,2020-11-05,2021-05-01,1,HB_NORTH,Off-peak,0.461711
ERCOT,2020-11-05,2021-04-01,1,HB_NORTH,Off-peak,0.675219
ERCOT,2020-11-05,2021-02-01,1,HB_NORTH,Off-peak,0.133770
ERCOT,2020-11-05,2021-06-01,1,HB_NORTH,Off-peak,0.704001
ERCOT,2020-11-05,2021-01-01,1,HB_NORTH,Off-peak,0.122540
ERCOT,2020-12-03,2021-07-01,2,HB_NORTH,Off-peak,0.540000
ERCOT,2020-12-03,2021-08-01,2,HB_NORTH,Off-peak,0.550000
ERCOT,2020-12-03,2021-10-01,2,HB_NORTH,Off-peak,0.811577
ERCOT,2020-12-03,2021-09-01,2,HB_NORTH,Off-peak,0.421828
ERCOT,2020-12-03,2021-11-01,2,HB_NORTH,Off-peak,0.557221
ERCOT,2020-12-03,2021-12-01,2,HB_NORTH,Off-peak,0.243265
ERCOT,2021-01-05,2022-03-01,3,HB_NORTH,Off-peak,0.787926
ERCOT,2021-01-05,2022-04-01,3,HB_NORTH,Off-peak,0.274087
ERCOT,2021-01-05,2022-02-01,3,HB_NORTH,Off-peak,0.103264
ERCOT,2021-01-05,2022-05-01,3,HB_NORTH,Off-peak,0.465782
ERCOT,2021-01-05,2022-06-01,3,HB_NORTH,Off-peak,0.761757
ERCOT,2021-01-05,2022-01-01,3,HB_NORTH,Off-peak,0.325161
ERCOT,2021-02-04,2022-11-01,4,HB_NORTH,Off-peak,0.538344
ERCOT,2021-02-04,2022-08-01,4,HB_NORTH,Off-peak,0.836104
ERCOT,2021-02-04,2022-07-01,4,HB_NORTH,Off-peak,0.799011
ERCOT,2021-02-04,2022-09-01,4,HB_NORTH,Off-peak,0.800661
ERCOT,2021-02-04,2022-10-01,4,HB_NORTH,Off-peak,0.874085
ERCOT,2021-02-04,2022-12-01,4,HB_NORTH,Off-peak,0.405024
ERCOT,2021-03-04,2023-04-01,5,HB_NORTH,Off-peak,0.812553
ERCOT,2021-03-04,2023-05-01,5,HB_NORTH,Off-peak,0.682653
ERCOT,2021-03-04,2023-02-01,5,HB_NORTH,Off-peak,0.578991
ERCOT,2021-03-04,2023-01-01,5,HB_NORTH,Off-peak,0.695779
ERCOT,2021-03-04,2023-03-01,5,HB_NORTH,Off-peak,0.963799
ERCOT,2021-03-04,2023-06-01,5,HB_NORTH,Off-peak,0.425614
ERCOT,2021-04-01,2023-08-01,6,HB_NORTH,Off-peak,0.785436
ERCOT,2021-04-01,2023-11-01,6,HB_NORTH,Off-peak,0.965139
ERCOT,2021-04-01,2023-09-01,6,HB_NORTH,Off-peak,0.717363
ERCOT,2021-04-01,2023-07-01,6,HB_NORTH,Off-peak,0.807483
ERCOT,2021-04-01,2023-12-01,6,HB_NORTH,Off-peak,0.546933
ERCOT,2021-04-01,2023-10-01,6,HB_NORTH,Off-peak,0.785229
ERCOT,2021-05-06,2021-07-01,1,HB_NORTH,Off-peak,0.260194
ERCOT,2021-05-06,2021-08-01,1,HB_NORTH,Off-peak,-0.124920
ERCOT,2021-05-06,2021-10-01,1,HB_NORTH,Off-peak,0.622103
ERCOT,2021-05-06,2021-09-01,1,HB_NORTH,Off-peak,0.392281
ERCOT,2021-05-06,2021-11-01,1,HB_NORTH,Off-peak,0.202077
ERCOT,2021-05-06,2021-12-01,1,HB_NORTH,Off-peak,0.134000
ERCOT,2021-06-03,2022-03-01,2,HB_NORTH,Off-peak,0.562768
ERCOT,2021-06-03,2022-04-01,2,HB_NORTH,Off-peak,0.649326
ERCOT,2021-06-03,2022-02-01,2,HB_NORTH,Off-peak,0.009629
ERCOT,2021-06-03,2022-05-01,2,HB_NORTH,Off-peak,0.639175
ERCOT,2021-06-03,2022-06-01,2,HB_NORTH,Off-peak,0.941705
ERCOT,2021-06-03,2022-01-01,2,HB_NORTH,Off-peak,0.212054
ERCOT,2021-07-01,2022-11-01,3,HB_NORTH,Off-peak,0.090956
ERCOT,2021-07-01,2022-08-01,3,HB_NORTH,Off-peak,0.828730
ERCOT,2021-07-01,2022-07-01,3,HB_NORTH,Off-peak,0.943259
ERCOT,2021-07-01,2022-09-01,3,HB_NORTH,Off-peak,0.703172
ERCOT,2021-07-01,2022-10-01,3,HB_NORTH,Off-peak,0.454153
ERCOT,2021-07-01,2022-12-01,3,HB_NORTH,Off-peak,-0.137473
ERCOT,2021-08-05,2023-04-01,4,HB_NORTH,Off-peak,0.556891
ERCOT,2021-08-05,2023-05-01,4,HB_NORTH,Off-peak,0.487898
ERCOT,2021-08-05,2023-02-01,4,HB_NORTH,Off-peak,0.180796
ERCOT,2021-08-05,2023-01-01,4,HB_NORTH,Off-peak,0.114525
ERCOT,2021-08-05,2023-03-01,4,HB_NORTH,Off-peak,0.739870
ERCOT,2021-08-05,2023-06-01,4,HB_NORTH,Off-peak,0.354968
ERCOT,2021-09-02,2023-08-01,5,HB_NORTH,Off-peak,0.696747
ERCOT,2021-09-02,2023-11-01,5,HB_NORTH,Off-peak,0.785693
ERCOT,2021-09-02,2023-09-01,5,HB_NORTH,Off-peak,0.463102
ERCOT,2021-09-02,2023-07-01,5,HB_NORTH,Off-peak,0.718226
ERCOT,2021-09-02,2023-12-01,5,HB_NORTH,Off-peak,0.510478
ERCOT,2021-09-02,2023-10-01,5,HB_NORTH,Off-peak,0.789344
ERCOT,2021-09-30,2024-01-01,6,HB_NORTH,Off-peak,-0.036317
ERCOT,2021-09-30,2024-04-01,6,HB_NORTH,Off-peak,0.340000
ERCOT,2021-09-30,2024-06-01,6,HB_NORTH,Off-peak,0.270000
ERCOT,2021-09-30,2024-05-01,6,HB_NORTH,Off-peak,0.031613
ERCOT,2021-09-30,2024-03-01,6,HB_NORTH,Off-peak,-0.575580
ERCOT,2021-09-30,2024-02-01,6,HB_NORTH,Off-peak,0.035330
ERCOT,2021-11-04,2022-03-01,1,HB_NORTH,Off-peak,-1.677383
ERCOT,2021-11-04,2022-04-01,1,HB_NORTH,Off-peak,-0.352382
ERCOT,2021-11-04,2022-02-01,1,HB_NORTH,Off-peak,-0.920597
ERCOT,2021-11-04,2022-05-01,1,HB_NORTH,Off-peak,0.026558
ERCOT,2021-11-04,2022-06-01,1,HB_NORTH,Off-peak,0.544705
ERCOT,2021-11-04,2022-01-01,1,HB_NORTH,Off-peak,-0.739086
ERCOT,2021-12-02,2022-11-01,2,HB_NORTH,Off-peak,-0.230000
ERCOT,2021-12-02,2022-08-01,2,HB_NORTH,Off-peak,0.100000
ERCOT,2021-12-02,2022-07-01,2,HB_NORTH,Off-peak,0.150000
ERCOT,2021-12-02,2022-09-01,2,HB_NORTH,Off-peak,0.369667
ERCOT,2021-12-02,2022-10-01,2,HB_NORTH,Off-peak,0.885161
ERCOT,2021-12-02,2022-12-01,2,HB_NORTH,Off-peak,-1.070680
ERCOT,2022-01-04,2023-04-01,3,HB_NORTH,Off-peak,0.325297
ERCOT,2022-01-04,2023-05-01,3,HB_NORTH,Off-peak,0.210858
ERCOT,2022-01-04,2023-02-01,3,HB_NORTH,Off-peak,-0.075650
ERCOT,2022-01-04,2023-01-01,3,HB_NORTH,Off-peak,-0.439057
ERCOT,2022-01-04,2023-03-01,3,HB_NORTH,Off-peak,0.592720
ERCOT,2022-01-04,2023-06-01,3,HB_NORTH,Off-peak,0.244570
ERCOT,2022-02-03,2023-08-01,4,HB_NORTH,Off-peak,-0.053642
ERCOT,2022-02-03,2023-11-01,4,HB_NORTH,Off-peak,-0.090271
ERCOT,2022-02-03,2023-09-01,4,HB_NORTH,Off-peak,0.092197
ERCOT,2022-02-03,2023-07-01,4,HB_NORTH,Off-peak,-0.056681
ERCOT,2022-02-03,2023-12-01,4,HB_NORTH,Off-peak,-0.601805
ERCOT,2022-02-03,2023-10-01,4,HB_NORTH,Off-peak,0.266056
ERCOT,2022-03-03,2024-01-01,5,HB_NORTH,Off-peak,-0.551377
ERCOT,2022-03-03,2024-04-01,5,HB_NORTH,Off-peak,-0.464012
ERCOT,2022-03-03,2024-06-01,5,HB_NORTH,Off-peak,-0.651802
ERCOT,2022-03-03,2024-05-01,5,HB_NORTH,Off-peak,-1.049913
ERCOT,2022-03-03,2024-03-01,5,HB_NORTH,Off-peak,-1.180351
ERCOT,2022-03-03,2024-02-01,5,HB_NORTH,Off-peak,-0.560494
ERCOT,2022-03-31,2024-11-01,6,HB_NORTH,Off-peak,1.727213
ERCOT,2022-03-31,2024-09-01,6,HB_NORTH,Off-peak,0.206736
ERCOT,2022-03-31,2024-08-01,6,HB_NORTH,Off-peak,0.477447
ERCOT,2022-03-31,2024-07-01,6,HB_NORTH,Off-peak,0.734843
ERCOT,2022-03-31,2024-10-01,6,HB_NORTH,Off-peak,2.044647
ERCOT,2022-03-31,2024-12-01,6,HB_NORTH,Off-peak,0.640569
ERCOT,2022-05-05,2022-11-01,1,HB_NORTH,Off-peak,-2.198325
ERCOT,2022-05-05,2022-08-01,1,HB_NORTH,Off-peak,-1.579992
ERCOT,2022-05-05,2022-07-01,1,HB_NORTH,Off-peak,0.123120
ERCOT,2022-05-05,2022-09-01,1,HB_NORTH,Off-peak,-0.411889
ERCOT,2022-05-05,2022-10-01,1,HB_NORTH,Off-peak,0.704299
ERCOT,2022-05-05,2022-12-01,1,HB_NORTH,Off-peak,-1.996862
ERCOT,2022-06-02,2023-04-01,2,HB_NORTH,Off-peak,1.245508
ERCOT,2022-06-02,2023-05-01,2,HB_NORTH,Off-peak,2.414829
ERCOT,2022-06-02,2023-02-01,2,HB_NORTH,Off-peak,-1.908943
ERCOT,2022-06-02,2023-01-01,2,HB_NORTH,Off-peak,-1.806602
ERCOT,2022-06-02,2023-03-01,2,HB_NORTH,Off-peak,0.777779
ERCOT,2022-06-02,2023-06-01,2,HB_NORTH,Off-peak,1.309151
ERCOT,2022-06-30,2023-08-01,3,HB_NORTH,Off-peak,0.123517
ERCOT,2022-06-30,2023-11-01,3,HB_NORTH,Off-peak,0.716693
ERCOT,2022-06-30,2023-09-01,3,HB_NORTH,Off-peak,-0.056213
ERCOT,2022-06-30,2023-07-01,3,HB_NORTH,Off-peak,0.184629
ERCOT,2022-06-30,2023-12-01,3,HB_NORTH,Off-peak,-1.223904
ERCOT,2022-06-30,2023-10-01,3,HB_NORTH,Off-peak,1.666658
ERCOT,2022-08-04,2024-01-01,4,HB_NORTH,Off-peak,-1.672297
ERCOT,2022-08-04,2024-04-01,4,HB_NORTH,Off-peak,1.862255
ERCOT,2022-08-04,2024-06-01,4,HB_NORTH,Off-peak,-0.104155
ERCOT,2022-08-04,2024-05-01,4,HB_NORTH,Off-peak,1.053190
ERCOT,2022-08-04,2024-03-01,4,HB_NORTH,Off-peak,-0.654369
ERCOT,2022-08-04,2024-02-01,4,HB_NORTH,Off-peak,-2.124238
ERCOT,2022-09-01,2024-11-01,5,HB_NORTH,Off-peak,-0.563741
ERCOT,2022-09-01,2024-09-01,5,HB_NORTH,Off-peak,-0.257703
ERCOT,2022-09-01,2024-08-01,5,HB_NORTH,Off-peak,-2.277595
ERCOT,2022-09-01,2024-07-01,5,HB_NORTH,Off-peak,-1.139806
ERCOT,2022-09-01,2024-10-01,5,HB_NORTH,Off-peak,1.830448
ERCOT,2022-09-01,2024-12-01,5,HB_NORTH,Off-peak,-1.940825
ERCOT,2022-10-06,2025-01-01,6,HB_NORTH,Off-peak,-1.210391
ERCOT,2022-10-06,2025-04-01,6,HB_NORTH,Off-peak,0.056952
ERCOT,2022-10-06,2025-06-01,6,HB_NORTH,Off-peak,0.614273
ERCOT,2022-10-06,2025-05-01,6,HB_NORTH,Off-peak,0.677742
ERCOT,2022-10-06,2025-03-01,6,HB_NORTH,Off-peak,-1.250000
ERCOT,2022-10-06,2025-02-01,6,HB_NORTH,Off-peak,-1.656153
ERCOT,2022-11-03,2023-04-01,1,HB_NORTH,Off-peak,-0.303369
ERCOT,2022-11-03,2023-05-01,1,HB_NORTH,Off-peak,-0.172029
ERCOT,2022-11-03,2023-02-01,1,HB_NORTH,Off-peak,-1.391274
ERCOT,2022-11-03,2023-01-01,1,HB_NORTH,Off-peak,-1.007901
ERCOT,2022-11-03,2023-03-01,1,HB_NORTH,Off-peak,-0.916370
ERCOT,2022-11-03,2023-06-01,1,HB_NORTH,Off-peak,-0.841012
ERCOT,2022-12-01,2023-08-01,2,HB_NORTH,Off-peak,-1.320005
ERCOT,2022-12-01,2023-11-01,2,HB_NORTH,Off-peak,-0.789059
ERCOT,2022-12-01,2023-09-01,2,HB_NORTH,Off-peak,-1.454635
ERCOT,2022-12-01,2023-07-01,2,HB_NORTH,Off-peak,-1.179995
ERCOT,2022-12-01,2023-12-01,2,HB_NORTH,Off-peak,-1.200000
ERCOT,2022-12-01,2023-10-01,2,HB_NORTH,Off-peak,-0.343527
ERCOT,2022-12-29,2024-01-01,3,HB_NORTH,Off-peak,-2.090889
ERCOT,2022-12-29,2024-04-01,3,HB_NORTH,Off-peak,-0.293380
ERCOT,2022-12-29,2024-06-01,3,HB_NORTH,Off-peak,-2.034250
ERCOT,2022-12-29,2024-05-01,3,HB_NORTH,Off-peak,-1.750000
ERCOT,2022-12-29,2024-03-01,3,HB_NORTH,Off-peak,-2.048664
ERCOT,2022-12-29,2024-02-01,3,HB_NORTH,Off-peak,-3.052843
ERCOT,2023-02-02,2024-11-01,4,HB_NORTH,Off-peak,-0.307266
ERCOT,2023-02-02,2024-09-01,4,HB_NORTH,Off-peak,-1.647851
ERCOT,2023-02-02,2024-08-01,4,HB_NORTH,Off-peak,-2.175793
ERCOT,2023-02-02,2024-07-01,4,HB_NORTH,Off-peak,-1.472415
ERCOT,2023-02-02,2024-10-01,4,HB_NORTH,Off-peak,0.821952
ERCOT,2023-02-02,2024-12-01,4,HB_NORTH,Off-peak,-1.687391
ERCOT,2023-03-02,2025-01-01,5,HB_NORTH,Off-peak,-1.740000
ERCOT,2023-03-02,2025-04-01,5,HB_NORTH,Off-peak,-0.200000
ERCOT,2023-03-02,2025-06-01,5,HB_NORTH,Off-peak,-1.210000
ERCOT,2023-03-02,2025-05-01,5,HB_NORTH,Off-peak,-0.640000
ERCOT,2023-03-02,2025-03-01,5,HB_NORTH,Off-peak,-1.887247
ERCOT,2023-03-02,2025-02-01,5,HB_NORTH,Off-peak,-2.217088
ERCOT,2023-04-06,2025-11-01,6,HB_NORTH,Off-peak,0.322373
ERCOT,2023-04-06,2025-07-01,6,HB_NORTH,Off-peak,-0.317472
ERCOT,2023-04-06,2025-08-01,6,HB_NORTH,Off-peak,-0.815244
ERCOT,2023-04-06,2025-09-01,6,HB_NORTH,Off-peak,-0.516176
ERCOT,2023-04-06,2025-10-01,6,HB_NORTH,Off-peak,0.810000
ERCOT,2023-04-06,2025-12-01,6,HB_NORTH,Off-peak,-1.200000
ERCOT,2023-05-04,2023-08-01,1,HB_NORTH,Off-peak,-0.444129
ERCOT,2023-05-04,2023-11-01,1,HB_NORTH,Off-peak,-0.200000
ERCOT,2023-05-04,2023-09-01,1,HB_NORTH,Off-peak,-0.491971
ERCOT,2023-05-04,2023-07-01,1,HB_NORTH,Off-peak,-0.283585
ERCOT,2023-05-04,2023-12-01,1,HB_NORTH,Off-peak,-0.926554
ERCOT,2023-05-04,2023-10-01,1,HB_NORTH,Off-peak,0.150000
ERCOT,2023-06-01,2024-01-01,2,HB_NORTH,Off-peak,-0.897610
ERCOT,2023-06-01,2024-04-01,2,HB_NORTH,Off-peak,1.703890
ERCOT,2023-06-01,2024-06-01,2,HB_NORTH,Off-peak,-0.319218
ERCOT,2023-06-01,2024-05-01,2,HB_NORTH,Off-peak,0.352421
ERCOT,2023-06-01,2024-03-01,2,HB_NORTH,Off-peak,0.637121
ERCOT,2023-06-01,2024-02-01,2,HB_NORTH,Off-peak,-0.947579
ERCOT,2023-07-06,2024-11-01,3,HB_NORTH,Off-peak,0.380206
ERCOT,2023-07-06,2024-09-01,3,HB_NORTH,Off-peak,-0.106528
ERCOT,2023-07-06,2024-08-01,3,HB_NORTH,Off-peak,-0.043472
ERCOT,2023-07-06,2024-07-01,3,HB_NORTH,Off-peak,-0.501948
ERCOT,2023-07-06,2024-10-01,3,HB_NORTH,Off-peak,1.009531
ERCOT,2023-07-06,2024-12-01,3,HB_NORTH,Off-peak,-0.472548
ERCOT,2023-08-03,2025-01-01,4,HB_NORTH,Off-peak,-1.224378
ERCOT,2023-08-03,2025-04-01,4,HB_NORTH,Off-peak,-0.200000
ERCOT,2023-08-03,2025-06-01,4,HB_NORTH,Off-peak,0.122194
ERCOT,2023-08-03,2025-05-01,4,HB_NORTH,Off-peak,-0.260000
ERCOT,2023-08-03,2025-03-01,4,HB_NORTH,Off-peak,-0.410526
ERCOT,2023-08-03,2025-02-01,4,HB_NORTH,Off-peak,-1.359619
ERCOT,2023-08-31,2025-11-01,5,HB_NORTH,Off-peak,0.182234
ERCOT,2023-08-31,2025-07-01,5,HB_NORTH,Off-peak,-0.045961
ERCOT,2023-08-31,2025-08-01,5,HB_NORTH,Off-peak,0.263589
ERCOT,2023-08-31,2025-09-01,5,HB_NORTH,Off-peak,-0.088345
ERCOT,2023-08-31,2025-10-01,5,HB_NORTH,Off-peak,1.256296
ERCOT,2023-08-31,2025-12-01,5,HB_NORTH,Off-peak,-0.993104
ERCOT,2023-10-05,2026-04-01,6,HB_NORTH,Off-peak,0.555887
ERCOT,2023-10-05,2026-01-01,6,HB_NORTH,Off-peak,-0.897000
ERCOT,2023-10-05,2026-06-01,6,HB_NORTH,Off-peak,0.631344
ERCOT,2023-10-05,2026-03-01,6,HB_NORTH,Off-peak,0.894263
ERCOT,2023-10-05,2026-02-01,6,HB_NORTH,Off-peak,-1.104600
ERCOT,2023-10-05,2026-05-01,6,HB_NORTH,Off-peak,0.037861
ERCOT,2023-11-02,2024-01-01,1,HB_NORTH,Off-peak,-0.305833
ERCOT,2023-11-02,2024-04-01,1,HB_NORTH,Off-peak,-0.424212
ERCOT,2023-11-02,2024-06-01,1,HB_NORTH,Off-peak,0.883058
ERCOT,2023-11-02,2024-05-01,1,HB_NORTH,Off-peak,0.538690
ERCOT,2023-11-02,2024-03-01,1,HB_NORTH,Off-peak,0.699454
ERCOT,2023-11-02,2024-02-01,1,HB_NORTH,Off-peak,-0.451861
ERCOT,2023-11-30,2024-11-01,2,HB_NORTH,Off-peak,0.459645
ERCOT,2023-11-30,2024-09-01,2,HB_NORTH,Off-peak,0.171626
ERCOT,2023-11-30,2024-08-01,2,HB_NORTH,Off-peak,0.449915
ERCOT,2023-11-30,2024-07-01,2,HB_NORTH,Off-peak,0.590807
ERCOT,2023-11-30,2024-10-01,2,HB_NORTH,Off-peak,0.982542
ERCOT,2023-11-30,2024-12-01,2,HB_NORTH,Off-peak,-0.052316
ERCOT,2023-12-28,2025-01-01,3,HB_NORTH,Off-peak,-0.067391
ERCOT,2023-12-28,2025-04-01,3,HB_NORTH,Off-peak,0.997594
ERCOT,2023-12-28,2025-06-01,3,HB_NORTH,Off-peak,0.646333
ERCOT,2023-12-28,2025-05-01,3,HB_NORTH,Off-peak,0.389236
ERCOT,2023-12-28,2025-03-01,3,HB_NORTH,Off-peak,1.479127
ERCOT,2023-12-28,2025-02-01,3,HB_NORTH,Off-peak,-0.687580
ERCOT,2019-04-04,2021-07-01,6,HB_NORTH,PeakWD,1.750000
ERCOT,2019-04-04,2021-08-01,6,HB_NORTH,PeakWD,2.072905
ERCOT,2019-04-04,2021-10-01,6,HB_NORTH,PeakWD,2.440000
ERCOT,2019-04-04,2021-09-01,6,HB_NORTH,PeakWD,1.750000
ERCOT,2019-04-04,2021-11-01,6,HB_NORTH,PeakWD,1.320000
ERCOT,2019-04-04,2021-12-01,6,HB_NORTH,PeakWD,0.313308
ERCOT,2019-05-02,2019-10-01,1,HB_NORTH,PeakWD,1.356848
ERCOT,2019-05-02,2019-09-01,1,HB_NORTH,PeakWD,0.213433
ERCOT,2019-05-02,2019-12-01,1,HB_NORTH,PeakWD,-0.182103
ERCOT,2019-05-02,2019-08-01,1,HB_NORTH,PeakWD,-0.092643
ERCOT,2019-05-02,2019-11-01,1,HB_NORTH,PeakWD,1.144024
ERCOT,2019-05-02,2019-07-01,1,HB_NORTH,PeakWD,0.179841
ERCOT,2019-05-30,2020-03-01,2,HB_NORTH,PeakWD,0.250614
ERCOT,2019-05-30,2020-04-01,2,HB_NORTH,PeakWD,2.185455
ERCOT,2019-05-30,2020-05-01,2,HB_NORTH,PeakWD,2.197366
ERCOT,2019-05-30,2020-02-01,2,HB_NORTH,PeakWD,-0.350886
ERCOT,2019-05-30,2020-06-01,2,HB_NORTH,PeakWD,1.660896
ERCOT,2019-05-30,2020-01-01,2,HB_NORTH,PeakWD,0.007771
ERCOT,2019-07-11,2020-08-01,3,HB_NORTH,PeakWD,-0.250000
ERCOT,2019-07-11,2020-07-01,3,HB_NORTH,PeakWD,-0.455986
ERCOT,2019-07-11,2020-09-01,3,HB_NORTH,PeakWD,-0.010000
ERCOT,2019-07-11,2020-11-01,3,HB_NORTH,PeakWD,0.074361
ERCOT,2019-07-11,2020-10-01,3,HB_NORTH,PeakWD,0.420000
ERCOT,2019-07-11,2020-12-01,3,HB_NORTH,PeakWD,-0.673742
ERCOT,2019-08-01,2021-03-01,4,HB_NORTH,PeakWD,0.285893
ERCOT,2019-08-01,2021-05-01,4,HB_NORTH,PeakWD,0.606855
ERCOT,2019-08-01,2021-04-01,4,HB_NORTH,PeakWD,0.917245
ERCOT,2019-08-01,2021-02-01,4,HB_NORTH,PeakWD,0.248307
ERCOT,2019-08-01,2021-06-01,4,HB_NORTH,PeakWD,1.260000
ERCOT,2019-08-01,2021-01-01,4,HB_NORTH,PeakWD,0.211933
ERCOT,2019-09-05,2021-07-01,5,HB_NORTH,PeakWD,0.920000
ERCOT,2019-09-05,2021-08-01,5,HB_NORTH,PeakWD,1.095909
ERCOT,2019-09-05,2021-10-01,5,HB_NORTH,PeakWD,0.424851
ERCOT,2019-09-05,2021-09-01,5,HB_NORTH,PeakWD,0.932857
ERCOT,2019-09-05,2021-11-01,5,HB_NORTH,PeakWD,0.942194
ERCOT,2019-09-05,2021-12-01,5,HB_NORTH,PeakWD,0.053148
ERCOT,2019-10-03,2022-03-01,6,HB_NORTH,PeakWD,1.295091
ERCOT,2019-10-03,2022-04-01,6,HB_NORTH,PeakWD,1.522259
ERCOT,2019-10-03,2022-02-01,6,HB_NORTH,PeakWD,0.376751
ERCOT,2019-10-03,2022-05-01,6,HB_NORTH,PeakWD,1.468039
ERCOT,2019-10-03,2022-06-01,6,HB_NORTH,PeakWD,1.801473
ERCOT,2019-10-03,2022-01-01,6,HB_NORTH,PeakWD,0.773583
ERCOT,2019-10-31,2020-03-01,1,HB_NORTH,PeakWD,0.764799
ERCOT,2019-10-31,2020-04-01,1,HB_NORTH,PeakWD,1.929322
ERCOT,2019-10-31,2020-05-01,1,HB_NORTH,PeakWD,1.690860
ERCOT,2019-10-31,2020-02-01,1,HB_NORTH,PeakWD,-0.020000
ERCOT,2019-10-31,2020-06-01,1,HB_NORTH,PeakWD,1.193314
ERCOT,2019-10-31,2020-01-01,1,HB_NORTH,PeakWD,0.284295
ERCOT,2019-12-05,2020-08-01,2,HB_NORTH,PeakWD,-1.246683
ERCOT,2019-12-05,2020-07-01,2,HB_NORTH,PeakWD,-1.125405
ERCOT,2019-12-05,2020-09-01,2,HB_NORTH,PeakWD,-1.142762
ERCOT,2019-12-05,2020-11-01,2,HB_NORTH,PeakWD,-0.311971
ERCOT,2019-12-05,2020-10-01,2,HB_NORTH,PeakWD,0.004889
ERCOT,2019-12-05,2020-12-01,2,HB_NORTH,PeakWD,-0.340782
ERCOT,2020-01-03,2021-03-01,3,HB_NORTH,PeakWD,0.511659
ERCOT,2020-01-03,2021-05-01,3,HB_NORTH,PeakWD,0.692959
ERCOT,2020-01-03,2021-04-01,3,HB_NORTH,PeakWD,0.363172
ERCOT,2020-01-03,2021-02-01,3,HB_NORTH,PeakWD,-0.019128
ERCOT,2020-01-03,2021-06-01,3,HB_NORTH,PeakWD,-1.416615
ERCOT,2020-01-03,2021-01-01,3,HB_NORTH,PeakWD,-0.193448
ERCOT,2020-02-06,2021-07-01,4,HB_NORTH,PeakWD,-1.033909
ERCOT,2020-02-06,2021-08-01,4,HB_NORTH,PeakWD,-1.110716
ERCOT,2020-02-06,2021-10-01,4,HB_NORTH,PeakWD,0.216023
ERCOT,2020-02-06,2021-09-01,4,HB_NORTH,PeakWD,-0.593129
ERCOT,2020-02-06,2021-11-01,4,HB_NORTH,PeakWD,-0.352237
ERCOT,2020-02-06,2021-12-01,4,HB_NORTH,PeakWD,-0.840841
ERCOT,2020-03-05,2022-03-01,5,HB_NORTH,PeakWD,0.401280
ERCOT,2020-03-05,2022-04-01,5,HB_NORTH,PeakWD,0.347962
ERCOT,2020-03-05,2022-02-01,5,HB_NORTH,PeakWD,-0.179360
ERCOT,2020-03-05,2022-05-01,5,HB_NORTH,PeakWD,0.189422
ERCOT,2020-03-05,2022-06-01,5,HB_NORTH,PeakWD,0.353686
ERCOT,2020-03-05,2022-01-01,5,HB_NORTH,PeakWD,-0.262520
ERCOT,2020-04-02,2022-11-01,6,HB_NORTH,PeakWD,0.765486
ERCOT,2020-04-02,2022-08-01,6,HB_NORTH,PeakWD,-0.174195
ERCOT,2020-04-02,2022-07-01,6,HB_NORTH,PeakWD,-0.144195
ERCOT,2020-04-02,2022-09-01,6,HB_NORTH,PeakWD,0.605805
ERCOT,2020-04-02,2022-10-01,6,HB_NORTH,PeakWD,1.181321
ERCOT,2020-04-02,2022-12-01,6,HB_NORTH,PeakWD,-0.105123
ERCOT,2020-04-30,2020-08-01,1,HB_NORTH,PeakWD,-0.429451
ERCOT,2020-04-30,2020-07-01,1,HB_NORTH,PeakWD,-0.917163
ERCOT,2020-04-30,2020-09-01,1,HB_NORTH,PeakWD,-0.259804
ERCOT,2020-04-30,2020-11-01,1,HB_NORTH,PeakWD,0.239499
ERCOT,2020-04-30,2020-10-01,1,HB_NORTH,PeakWD,-0.175173
ERCOT,2020-04-30,2020-12-01,1,HB_NORTH,PeakWD,-0.436860
ERCOT,2020-06-04,2021-03-01,2,HB_NORTH,PeakWD,0.544455
ERCOT,2020-06-04,2021-05-01,2,HB_NORTH,PeakWD,0.239821
ERCOT,2020-06-04,2021-04-01,2,HB_NORTH,PeakWD,0.701320
ERCOT,2020-06-04,2021-02-01,2,HB_NORTH,PeakWD,-0.472426
ERCOT,2020-06-04,2021-06-01,2,HB_NORTH,PeakWD,-1.501492
ERCOT,2020-06-04,2021-01-01,2,HB_NORTH,PeakWD,-0.238329
ERCOT,2020-07-02,2021-07-01,3,HB_NORTH,PeakWD,-1.828212
ERCOT,2020-07-02,2021-08-01,3,HB_NORTH,PeakWD,-1.976662
ERCOT,2020-07-02,2021-10-01,3,HB_NORTH,PeakWD,0.547276
ERCOT,2020-07-02,2021-09-01,3,HB_NORTH,PeakWD,-0.815187
ERCOT,2020-07-02,2021-11-01,3,HB_NORTH,PeakWD,-0.437778
ERCOT,2020-07-02,2021-12-01,3,HB_NORTH,PeakWD,-0.418159
ERCOT,2020-08-06,2022-03-01,4,HB_NORTH,PeakWD,0.304210
ERCOT,2020-08-06,2022-04-01,4,HB_NORTH,PeakWD,0.630000
ERCOT,2020-08-06,2022-02-01,4,HB_NORTH,PeakWD,-0.764114
ERCOT,2020-08-06,2022-05-01,4,HB_NORTH,PeakWD,0.314167
ERCOT,2020-08-06,2022-06-01,4,HB_NORTH,PeakWD,-0.767771
ERCOT,2020-08-06,2022-01-01,4,HB_NORTH,PeakWD,-0.822180
ERCOT,2020-09-03,2022-11-01,5,HB_NORTH,PeakWD,-0.107795
ERCOT,2020-09-03,2022-08-01,5,HB_NORTH,PeakWD,-0.368370
ERCOT,2020-09-03,2022-07-01,5,HB_NORTH,PeakWD,-0.539498
ERCOT,2020-09-03,2022-09-01,5,HB_NORTH,PeakWD,-0.319143
ERCOT,2020-09-03,2022-10-01,5,HB_NORTH,PeakWD,0.862875
ERCOT,2020-09-03,2022-12-01,5,HB_NORTH,PeakWD,-0.043355
ERCOT,2020-10-01,2023-04-01,6,HB_NORTH,PeakWD,0.635665
ERCOT,2020-10-01,2023-05-01,6,HB_NORTH,PeakWD,1.028569
ERCOT,2020-10-01,2023-02-01,6,HB_NORTH,PeakWD,0.507538
ERCOT,2020-10-01,2023-01-01,6,HB_NORTH,PeakWD,0.583445
ERCOT,2020-10-01,2023-03-01,6,HB_NORTH,PeakWD,0.356678
ERCOT,2020-10-01,2023-06-01,6,HB_NORTH,PeakWD,1.650000
ERCOT,2020-11-05,2021-03-01,1,HB_NORTH,PeakWD,0.120000
ERCOT,2020-11-05,2021-05-01,1,HB_NORTH,PeakWD,-0.310426
ERCOT,2020-11-05,2021-04-01,1,HB_NORTH,PeakWD,0.660000
ERCOT,2020-11-05,2021-02-01,1,HB_NORTH,PeakWD,-0.555783
ERCOT,2020-11-05,2021-06-01,1,HB_NORTH,PeakWD,-0.610000
ERCOT,2020-11-05,2021-01-01,1,HB_NORTH,PeakWD,-0.437590
ERCOT,2020-12-03,2021-07-01,2,HB_NORTH,PeakWD,-1.144737
ERCOT,2020-12-03,2021-08-01,2,HB_NORTH,PeakWD,-0.700210
ERCOT,2020-12-03,2021-10-01,2,HB_NORTH,PeakWD,1.659438
ERCOT,2020-12-03,2021-09-01,2,HB_NORTH,PeakWD,-0.061015
ERCOT,2020-12-03,2021-11-01,2,HB_NORTH,PeakWD,0.300814
ERCOT,2020-12-03,2021-12-01,2,HB_NORTH,PeakWD,-0.311096
ERCOT,2021-01-05,2022-03-01,3,HB_NORTH,PeakWD,-0.062661
ERCOT,2021-01-05,2022-04-01,3,HB_NORTH,PeakWD,0.710000
ERCOT,2021-01-05,2022-02-01,3,HB_NORTH,PeakWD,-0.414232
ERCOT,2021-01-05,2022-05-01,3,HB_NORTH,PeakWD,0.500000
ERCOT,2021-01-05,2022-06-01,3,HB_NORTH,PeakWD,-0.143204
ERCOT,2021-01-05,2022-01-01,3,HB_NORTH,PeakWD,-0.247577
ERCOT,2021-02-04,2022-11-01,4,HB_NORTH,PeakWD,-0.174578
ERCOT,2021-02-04,2022-08-01,4,HB_NORTH,PeakWD,-0.637341
ERCOT,2021-02-04,2022-07-01,4,HB_NORTH,PeakWD,-0.787841
ERCOT,2021-02-04,2022-09-01,4,HB_NORTH,PeakWD,0.112659
ERCOT,2021-02-04,2022-10-01,4,HB_NORTH,PeakWD,1.171204
ERCOT,2021-02-04,2022-12-01,4,HB_NORTH,PeakWD,0.097096
ERCOT,2021-03-04,2023-04-01,5,HB_NORTH,PeakWD,0.681533
ERCOT,2021-03-04,2023-05-01,5,HB_NORTH,PeakWD,0.821630
ERCOT,2021-03-04,2023-02-01,5,HB_NORTH,PeakWD,-0.415525
ERCOT,2021-03-04,2023-01-01,5,HB_NORTH,PeakWD,-0.069446
ERCOT,2021-03-04,2023-03-01,5,HB_NORTH,PeakWD,0.193323
ERCOT,2021-03-04,2023-06-01,5,HB_NORTH,PeakWD,0.844465
ERCOT,2021-04-01,2023-08-01,6,HB_NORTH,PeakWD,-1.293191
ERCOT,2021-04-01,2023-11-01,6,HB_NORTH,PeakWD,0.263839
ERCOT,2021-04-01,2023-09-01,6,HB_NORTH,PeakWD,-0.340000
ERCOT,2021-04-01,2023-07-01,6,HB_NORTH,PeakWD,-1.066149
ERCOT,2021-04-01,2023-12-01,6,HB_NORTH,PeakWD,-0.317031
ERCOT,2021-04-01,2023-10-01,6,HB_NORTH,PeakWD,1.050000
ERCOT,2021-05-06,2021-07-01,1,HB_NORTH,PeakWD,-0.860581
ERCOT,2021-05-06,2021-08-01,1,HB_NORTH,PeakWD,-0.995158
ERCOT,2021-05-06,2021-10-01,1,HB_NORTH,PeakWD,1.225364
ERCOT,2021-05-06,2021-09-01,1,HB_NORTH,PeakWD,0.163069
ERCOT,2021-05-06,2021-11-01,1,HB_NORTH,PeakWD,0.170904
ERCOT,2021-05-06,2021-12-01,1,HB_NORTH,PeakWD,-0.436933
ERCOT,2021-06-03,2022-03-01,2,HB_NORTH,PeakWD,0.638948
ERCOT,2021-06-03,2022-04-01,2,HB_NORTH,PeakWD,1.257970
ERCOT,2021-06-03,2022-02-01,2,HB_NORTH,PeakWD,-0.163814
ERCOT,2021-06-03,2022-05-01,2,HB_NORTH,PeakWD,1.340000
ERCOT,2021-06-03,2022-06-01,2,HB_NORTH,PeakWD,-0.062727
ERCOT,2021-06-03,2022-01-01,2,HB_NORTH,PeakWD,-0.102362
ERCOT,2021-07-01,2022-11-01,3,HB_NORTH,PeakWD,-0.175802
ERCOT,2021-07-01,2022-08-01,3,HB_NORTH,PeakWD,-0.545889
ERCOT,2021-07-01,2022-07-01,3,HB_NORTH,PeakWD,0.313000
ERCOT,2021-07-01,2022-09-01,3,HB_NORTH,PeakWD,0.941429
ERCOT,2021-07-01,2022-10-01,3,HB_NORTH,PeakWD,0.483030
ERCOT,2021-07-01,2022-12-01,3,HB_NORTH,PeakWD,-0.152586
ERCOT,2021-08-05,2023-04-01,4,HB_NORTH,PeakWD,0.075771
ERCOT,2021-08-05,2023-05-01,4,HB_NORTH,PeakWD,0.147788
ERCOT,2021-08-05,2023-02-01,4,HB_NORTH,PeakWD,-0.282682
ERCOT,2021-08-05,2023-01-01,4,HB_NORTH,PeakWD,-0.132878
ERCOT,2021-08-05,2023-03-01,4,HB_NORTH,PeakWD,0.532889
ERCOT,2021-08-05,2023-06-01,4,HB_NORTH,PeakWD,0.803467
ERCOT,2021-09-02,2023-08-01,5,HB_NORTH,PeakWD,-0.825829
ERCOT,2021-09-02,2023-11-01,5,HB_NORTH,PeakWD,-0.301746
ERCOT,2021-09-02,2023-09-01,5,HB_NORTH,PeakWD,0.560953
ERCOT,2021-09-02,2023-07-01,5,HB_NORTH,PeakWD,-0.417797
ERCOT,2021-09-02,2023-12-01,5,HB_NORTH,PeakWD,-1.162113
ERCOT,2021-09-02,2023-10-01,5,HB_NORTH,PeakWD,0.949084
ERCOT,2021-09-30,2024-01-01,6,HB_NORTH,PeakWD,-1.000000
ERCOT,2021-09-30,2024-04-01,6,HB_NORTH,PeakWD,-0.760000
ERCOT,2021-09-30,2024-06-01,6,HB_NORTH,PeakWD,-0.180000
ERCOT,2021-09-30,2024-05-01,6,HB_NORTH,PeakWD,-0.463636
ERCOT,2021-09-30,2024-03-01,6,HB_NORTH,PeakWD,-2.130000
ERCOT,2021-09-30,2024-02-01,6,HB_NORTH,PeakWD,-1.867143
ERCOT,2021-11-04,2022-03-01,1,HB_NORTH,PeakWD,-0.747522
ERCOT,2021-11-04,2022-04-01,1,HB_NORTH,PeakWD,-0.192312
ERCOT,2021-11-04,2022-02-01,1,HB_NORTH,PeakWD,-2.027382
ERCOT,2021-11-04,2022-05-01,1,HB_NORTH,PeakWD,-0.166592
ERCOT,2021-11-04,2022-06-01,1,HB_NORTH,PeakWD,0.411978
ERCOT,2021-11-04,2022-01-01,1,HB_NORTH,PeakWD,-2.109419
ERCOT,2021-12-02,2022-11-01,2,HB_NORTH,PeakWD,-0.880000
ERCOT,2021-12-02,2022-08-01,2,HB_NORTH,PeakWD,-1.050000
ERCOT,2021-12-02,2022-07-01,2,HB_NORTH,PeakWD,-0.300000
ERCOT,2021-12-02,2022-09-01,2,HB_NORTH,PeakWD,-0.254162
ERCOT,2021-12-02,2022-10-01,2,HB_NORTH,PeakWD,1.597195
ERCOT,2021-12-02,2022-12-01,2,HB_NORTH,PeakWD,-1.081820
ERCOT,2022-01-04,2023-04-01,3,HB_NORTH,PeakWD,-0.284128
ERCOT,2022-01-04,2023-05-01,3,HB_NORTH,PeakWD,-0.116995
ERCOT,2022-01-04,2023-02-01,3,HB_NORTH,PeakWD,-1.746178
ERCOT,2022-01-04,2023-01-01,3,HB_NORTH,PeakWD,-1.224532
ERCOT,2022-01-04,2023-03-01,3,HB_NORTH,PeakWD,-0.055672
ERCOT,2022-01-04,2023-06-01,3,HB_NORTH,PeakWD,-0.099738
ERCOT,2022-02-03,2023-08-01,4,HB_NORTH,PeakWD,-1.604853
ERCOT,2022-02-03,2023-11-01,4,HB_NORTH,PeakWD,-1.035958
ERCOT,2022-02-03,2023-09-01,4,HB_NORTH,PeakWD,-0.185577
ERCOT,2022-02-03,2023-07-01,4,HB_NORTH,PeakWD,-1.628341
ERCOT,2022-02-03,2023-12-01,4,HB_NORTH,PeakWD,-1.914577
ERCOT,2022-02-03,2023-10-01,4,HB_NORTH,PeakWD,-0.537928
ERCOT,2022-03-03,2024-01-01,5,HB_NORTH,PeakWD,-1.958166
ERCOT,2022-03-03,2024-04-01,5,HB_NORTH,PeakWD,-0.986854
ERCOT,2022-03-03,2024-06-01,5,HB_NORTH,PeakWD,-0.723109
ERCOT,2022-03-03,2024-05-01,5,HB_NORTH,PeakWD,-1.191749
ERCOT,2022-03-03,2024-03-01,5,HB_NORTH,PeakWD,-1.851572
ERCOT,2022-03-03,2024-02-01,5,HB_NORTH,PeakWD,-2.569065
ERCOT,2022-03-31,2024-11-01,6,HB_NORTH,PeakWD,0.348948
ERCOT,2022-03-31,2024-09-01,6,HB_NORTH,PeakWD,0.643997
ERCOT,2022-03-31,2024-08-01,6,HB_NORTH,PeakWD,-0.400000
ERCOT,2022-03-31,2024-07-01,6,HB_NORTH,PeakWD,-0.400000
ERCOT,2022-03-31,2024-10-01,6,HB_NORTH,PeakWD,2.018269
ERCOT,2022-03-31,2024-12-01,6,HB_NORTH,PeakWD,-0.641708
ERCOT,2022-05-05,2022-11-01,1,HB_NORTH,PeakWD,-3.433537
ERCOT,2022-05-05,2022-08-01,1,HB_NORTH,PeakWD,-5.065333
ERCOT,2022-05-05,2022-07-01,1,HB_NORTH,PeakWD,-4.232067
ERCOT,2022-05-05,2022-09-01,1,HB_NORTH,PeakWD,-2.128290
ERCOT,2022-05-05,2022-10-01,1,HB_NORTH,PeakWD,-2.572669
ERCOT,2022-05-05,2022-12-01,1,HB_NORTH,PeakWD,-3.999381
ERCOT,2022-06-02,2023-04-01,2,HB_NORTH,PeakWD,1.543211
ERCOT,2022-06-02,2023-05-01,2,HB_NORTH,PeakWD,1.662145
ERCOT,2022-06-02,2023-02-01,2,HB_NORTH,PeakWD,-5.092886
ERCOT,2022-06-02,2023-01-01,2,HB_NORTH,PeakWD,-4.742382
ERCOT,2022-06-02,2023-03-01,2,HB_NORTH,PeakWD,-0.330938
ERCOT,2022-06-02,2023-06-01,2,HB_NORTH,PeakWD,1.219062
ERCOT,2022-06-30,2023-08-01,3,HB_NORTH,PeakWD,0.785967
ERCOT,2022-06-30,2023-11-01,3,HB_NORTH,PeakWD,1.017225
ERCOT,2022-06-30,2023-09-01,3,HB_NORTH,PeakWD,1.017225
ERCOT,2022-06-30,2023-07-01,3,HB_NORTH,PeakWD,1.770836
ERCOT,2022-06-30,2023-12-01,3,HB_NORTH,PeakWD,-3.386866
ERCOT,2022-06-30,2023-10-01,3,HB_NORTH,PeakWD,6.310454
ERCOT,2022-08-04,2024-01-01,4,HB_NORTH,PeakWD,-3.022073
ERCOT,2022-08-04,2024-04-01,4,HB_NORTH,PeakWD,7.883704
ERCOT,2022-08-04,2024-06-01,4,HB_NORTH,PeakWD,1.051544
ERCOT,2022-08-04,2024-05-01,4,HB_NORTH,PeakWD,4.614919
ERCOT,2022-08-04,2024-03-01,4,HB_NORTH,PeakWD,3.835260
ERCOT,2022-08-04,2024-02-01,4,HB_NORTH,PeakWD,-3.618587
ERCOT,2022-09-01,2024-11-01,5,HB_NORTH,PeakWD,3.204666
ERCOT,2022-09-01,2024-09-01,5,HB_NORTH,PeakWD,2.064972
ERCOT,2022-09-01,2024-08-01,5,HB_NORTH,PeakWD,-3.960478
ERCOT,2022-09-01,2024-07-01,5,HB_NORTH,PeakWD,-3.350175
ERCOT,2022-09-01,2024-10-01,5,HB_NORTH,PeakWD,7.783682
ERCOT,2022-09-01,2024-12-01,5,HB_NORTH,PeakWD,-1.105914
ERCOT,2022-10-06,2025-01-01,6,HB_NORTH,PeakWD,-5.095687
ERCOT,2022-10-06,2025-04-01,6,HB_NORTH,PeakWD,3.204886
ERCOT,2022-10-06,2025-06-01,6,HB_NORTH,PeakWD,0.254692
ERCOT,2022-10-06,2025-05-01,6,HB_NORTH,PeakWD,2.566637
ERCOT,2022-10-06,2025-03-01,6,HB_NORTH,PeakWD,-0.082620
ERCOT,2022-10-06,2025-02-01,6,HB_NORTH,PeakWD,-5.166695
ERCOT,2022-11-03,2023-04-01,1,HB_NORTH,PeakWD,1.422335
ERCOT,2022-11-03,2023-05-01,1,HB_NORTH,PeakWD,2.175632
ERCOT,2022-11-03,2023-02-01,1,HB_NORTH,PeakWD,-3.561808
ERCOT,2022-11-03,2023-01-01,1,HB_NORTH,PeakWD,-3.230452
ERCOT,2022-11-03,2023-03-01,1,HB_NORTH,PeakWD,1.150000
ERCOT,2022-11-03,2023-06-01,1,HB_NORTH,PeakWD,1.516705
ERCOT,2022-12-01,2023-08-01,2,HB_NORTH,PeakWD,-3.689956
ERCOT,2022-12-01,2023-11-01,2,HB_NORTH,PeakWD,-0.279003
ERCOT,2022-12-01,2023-09-01,2,HB_NORTH,PeakWD,-3.836947
ERCOT,2022-12-01,2023-07-01,2,HB_NORTH,PeakWD,-4.615993
ERCOT,2022-12-01,2023-12-01,2,HB_NORTH,PeakWD,-4.390107
ERCOT,2022-12-01,2023-10-01,2,HB_NORTH,PeakWD,2.500000
ERCOT,2022-12-29,2024-01-01,3,HB_NORTH,PeakWD,-4.400000
ERCOT,2022-12-29,2024-04-01,3,HB_NORTH,PeakWD,2.410000
ERCOT,2022-12-29,2024-06-01,3,HB_NORTH,PeakWD,-1.750000
ERCOT,2022-12-29,2024-05-01,3,HB_NORTH,PeakWD,0.075977
ERCOT,2022-12-29,2024-03-01,3,HB_NORTH,PeakWD,-0.705238
ERCOT,2022-12-29,2024-02-01,3,HB_NORTH,PeakWD,-5.141850
ERCOT,2023-02-02,2024-11-01,4,HB_NORTH,PeakWD,1.080000
ERCOT,2023-02-02,2024-09-01,4,HB_NORTH,PeakWD,-0.050000
ERCOT,2023-02-02,2024-08-01,4,HB_NORTH,PeakWD,-3.991808
ERCOT,2023-02-02,2024-07-01,4,HB_NORTH,PeakWD,-4.456860
ERCOT,2023-02-02,2024-10-01,4,HB_NORTH,PeakWD,5.479862
ERCOT,2023-02-02,2024-12-01,4,HB_NORTH,PeakWD,-4.416516
ERCOT,2023-03-02,2025-01-01,5,HB_NORTH,PeakWD,-4.757337
ERCOT,2023-03-02,2025-04-01,5,HB_NORTH,PeakWD,-0.155719
ERCOT,2023-03-02,2025-06-01,5,HB_NORTH,PeakWD,-5.953344
ERCOT,2023-03-02,2025-05-01,5,HB_NORTH,PeakWD,-3.010000
ERCOT,2023-03-02,2025-03-01,5,HB_NORTH,PeakWD,-3.591628
ERCOT,2023-03-02,2025-02-01,5,HB_NORTH,PeakWD,-5.224929
ERCOT,2023-04-06,2025-11-01,6,HB_NORTH,PeakWD,1.645377
ERCOT,2023-04-06,2025-07-01,6,HB_NORTH,PeakWD,-2.937727
ERCOT,2023-04-06,2025-08-01,6,HB_NORTH,PeakWD,-2.510000
ERCOT,2023-04-06,2025-09-01,6,HB_NORTH,PeakWD,-0.328571
ERCOT,2023-04-06,2025-10-01,6,HB_NORTH,PeakWD,4.327781
ERCOT,2023-04-06,2025-12-01,6,HB_NORTH,PeakWD,-3.110000
ERCOT,2023-05-04,2023-08-01,1,HB_NORTH,PeakWD,-2.450740
ERCOT,2023-05-04,2023-11-01,1,HB_NORTH,PeakWD,-1.770531
ERCOT,2023-05-04,2023-09-01,1,HB_NORTH,PeakWD,-0.951097
ERCOT,2023-05-04,2023-07-01,1,HB_NORTH,PeakWD,-2.188931
ERCOT,2023-05-04,2023-12-01,1,HB_NORTH,PeakWD,-2.560829
ERCOT,2023-05-04,2023-10-01,1,HB_NORTH,PeakWD,1.560000
ERCOT,2023-06-01,2024-01-01,2,HB_NORTH,PeakWD,-2.839051
ERCOT,2023-06-01,2024-04-01,2,HB_NORTH,PeakWD,4.030135
ERCOT,2023-06-01,2024-06-01,2,HB_NORTH,PeakWD,-3.618936
ERCOT,2023-06-01,2024-05-01,2,HB_NORTH,PeakWD,0.062196
ERCOT,2023-06-01,2024-03-01,2,HB_NORTH,PeakWD,-0.063165
ERCOT,2023-06-01,2024-02-01,2,HB_NORTH,PeakWD,-3.185173
ERCOT,2023-07-06,2024-11-01,3,HB_NORTH,PeakWD,0.785961
ERCOT,2023-07-06,2024-09-01,3,HB_NORTH,PeakWD,-0.030913
ERCOT,2023-07-06,2024-08-01,3,HB_NORTH,PeakWD,-1.502680
ERCOT,2023-07-06,2024-07-01,3,HB_NORTH,PeakWD,-1.598667
ERCOT,2023-07-06,2024-10-01,3,HB_NORTH,PeakWD,2.785251
ERCOT,2023-07-06,2024-12-01,3,HB_NORTH,PeakWD,-0.365494
ERCOT,2023-08-03,2025-01-01,4,HB_NORTH,PeakWD,-4.593256
ERCOT,2023-08-03,2025-04-01,4,HB_NORTH,PeakWD,0.582042
ERCOT,2023-08-03,2025-06-01,4,HB_NORTH,PeakWD,-3.007060
ERCOT,2023-08-03,2025-05-01,4,HB_NORTH,PeakWD,-2.250000
ERCOT,2023-08-03,2025-03-01,4,HB_NORTH,PeakWD,-1.600000
ERCOT,2023-08-03,2025-02-01,4,HB_NORTH,PeakWD,-4.675158
ERCOT,2023-08-31,2025-11-01,5,HB_NORTH,PeakWD,2.203187
ERCOT,2023-08-31,2025-07-01,5,HB_NORTH,PeakWD,-2.360000
ERCOT,2023-08-31,2025-08-01,5,HB_NORTH,PeakWD,-2.167619
ERCOT,2023-08-31,2025-09-01,5,HB_NORTH,PeakWD,0.032337
ERCOT,2023-08-31,2025-10-01,5,HB_NORTH,PeakWD,4.350000
ERCOT,2023-08-31,2025-12-01,5,HB_NORTH,PeakWD,-3.083636
ERCOT,2023-10-05,2026-04-01,6,HB_NORTH,PeakWD,1.393415
ERCOT,2023-10-05,2026-01-01,6,HB_NORTH,PeakWD,-3.250000
ERCOT,2023-10-05,2026-06-01,6,HB_NORTH,PeakWD,-0.703809
ERCOT,2023-10-05,2026-03-01,6,HB_NORTH,PeakWD,1.010000
ERCOT,2023-10-05,2026-02-01,6,HB_NORTH,PeakWD,-3.610000
ERCOT,2023-10-05,2026-05-01,6,HB_NORTH,PeakWD,-1.057587
ERCOT,2023-11-02,2024-01-01,1,HB_NORTH,PeakWD,-2.867158
ERCOT,2023-11-02,2024-04-01,1,HB_NORTH,PeakWD,3.633713
ERCOT,2023-11-02,2024-06-01,1,HB_NORTH,PeakWD,-1.044605
ERCOT,2023-11-02,2024-05-01,1,HB_NORTH,PeakWD,-0.864552
ERCOT,2023-11-02,2024-03-01,1,HB_NORTH,PeakWD,0.191206
ERCOT,2023-11-02,2024-02-01,1,HB_NORTH,PeakWD,-3.361147
ERCOT,2023-11-30,2024-11-01,2,HB_NORTH,PeakWD,-0.153807
ERCOT,2023-11-30,2024-09-01,2,HB_NORTH,PeakWD,-2.152711
ERCOT,2023-11-30,2024-08-01,2,HB_NORTH,PeakWD,-3.977647
ERCOT,2023-11-30,2024-07-01,2,HB_NORTH,PeakWD,-3.555564
ERCOT,2023-11-30,2024-10-01,2,HB_NORTH,PeakWD,2.531514
ERCOT,2023-11-30,2024-12-01,2,HB_NORTH,PeakWD,-1.306469
ERCOT,2023-12-28,2025-01-01,3,HB_NORTH,PeakWD,-4.337763
ERCOT,2023-12-28,2025-04-01,3,HB_NORTH,PeakWD,2.636723
ERCOT,2023-12-28,2025-06-01,3,HB_NORTH,PeakWD,-2.930212
ERCOT,2023-12-28,2025-05-01,3,HB_NORTH,PeakWD,-1.147836
ERCOT,2023-12-28,2025-03-01,3,HB_NORTH,PeakWD,0.623806
ERCOT,2023-12-28,2025-02-01,3,HB_NORTH,PeakWD,-4.185343
ERCOT,2019-04-04,2021-07-01,6,HB_NORTH,PeakWE,1.350000
ERCOT,2019-04-04,2021-08-01,6,HB_NORTH,PeakWE,1.380000
ERCOT,2019-04-04,2021-10-01,6,HB_NORTH,PeakWE,1.570000
ERCOT,2019-04-04,2021-09-01,6,HB_NORTH,PeakWE,2.101529
ERCOT,2019-04-04,2021-11-01,6,HB_NORTH,PeakWE,0.880000
ERCOT,2019-04-04,2021-12-01,6,HB_NORTH,PeakWE,0.307030
ERCOT,2019-05-02,2019-10-01,1,HB_NORTH,PeakWE,1.097271
ERCOT,2019-05-02,2019-09-01,1,HB_NORTH,PeakWE,0.617686
ERCOT,2019-05-02,2019-12-01,1,HB_NORTH,PeakWE,-0.385251
ERCOT,2019-05-02,2019-08-01,1,HB_NORTH,PeakWE,0.550000
ERCOT,2019-05-02,2019-11-01,1,HB_NORTH,PeakWE,0.170689
ERCOT,2019-05-02,2019-07-01,1,HB_NORTH,PeakWE,0.520000
ERCOT,2019-05-30,2020-03-01,2,HB_NORTH,PeakWE,-0.539157
ERCOT,2019-05-30,2020-04-01,2,HB_NORTH,PeakWE,1.723793
ERCOT,2019-05-30,2020-05-01,2,HB_NORTH,PeakWE,1.655096
ERCOT,2019-05-30,2020-02-01,2,HB_NORTH,PeakWE,-0.200000
ERCOT,2019-05-30,2020-06-01,2,HB_NORTH,PeakWE,1.769050
ERCOT,2019-05-30,2020-01-01,2,HB_NORTH,PeakWE,0.000000
ERCOT,2019-07-11,2020-08-01,3,HB_NORTH,PeakWE,0.330000
ERCOT,2019-07-11,2020-07-01,3,HB_NORTH,PeakWE,0.377102
ERCOT,2019-07-11,2020-09-01,3,HB_NORTH,PeakWE,-0.013918
ERCOT,2019-07-11,2020-11-01,3,HB_NORTH,PeakWE,0.290000
ERCOT,2019-07-11,2020-10-01,3,HB_NORTH,PeakWE,0.252914
ERCOT,2019-07-11,2020-12-01,3,HB_NORTH,PeakWE,-0.590000
ERCOT,2019-08-01,2021-03-01,4,HB_NORTH,PeakWE,0.048070
ERCOT,2019-08-01,2021-05-01,4,HB_NORTH,PeakWE,0.430447
ERCOT,2019-08-01,2021-04-01,4,HB_NORTH,PeakWE,0.666364
ERCOT,2019-08-01,2021-02-01,4,HB_NORTH,PeakWE,-0.031960
ERCOT,2019-08-01,2021-06-01,4,HB_NORTH,PeakWE,1.650357
ERCOT,2019-08-01,2021-01-01,4,HB_NORTH,PeakWE,0.065279
ERCOT,2019-09-05,2021-07-01,5,HB_NORTH,PeakWE,0.670000
ERCOT,2019-09-05,2021-08-01,5,HB_NORTH,PeakWE,1.150000
ERCOT,2019-09-05,2021-10-01,5,HB_NORTH,PeakWE,0.750157
ERCOT,2019-09-05,2021-09-01,5,HB_NORTH,PeakWE,0.940000
ERCOT,2019-09-05,2021-11-01,5,HB_NORTH,PeakWE,0.565402
ERCOT,2019-09-05,2021-12-01,5,HB_NORTH,PeakWE,-0.142278
ERCOT,2019-10-03,2022-03-01,6,HB_NORTH,PeakWE,1.288924
ERCOT,2019-10-03,2022-04-01,6,HB_NORTH,PeakWE,2.009544
ERCOT,2019-10-03,2022-02-01,6,HB_NORTH,PeakWE,0.335399
ERCOT,2019-10-03,2022-05-01,6,HB_NORTH,PeakWE,1.968881
ERCOT,2019-10-03,2022-06-01,6,HB_NORTH,PeakWE,2.239909
ERCOT,2019-10-03,2022-01-01,6,HB_NORTH,PeakWE,0.500000
ERCOT,2019-10-31,2020-03-01,1,HB_NORTH,PeakWE,1.383396
ERCOT,2019-10-31,2020-04-01,1,HB_NORTH,PeakWE,1.896730
ERCOT,2019-10-31,2020-05-01,1,HB_NORTH,PeakWE,1.748374
ERCOT,2019-10-31,2020-02-01,1,HB_NORTH,PeakWE,0.450000
ERCOT,2019-10-31,2020-06-01,1,HB_NORTH,PeakWE,1.436531
ERCOT,2019-10-31,2020-01-01,1,HB_NORTH,PeakWE,0.373310
ERCOT,2019-12-05,2020-08-01,2,HB_NORTH,PeakWE,-0.539426
ERCOT,2019-12-05,2020-07-01,2,HB_NORTH,PeakWE,0.199994
ERCOT,2019-12-05,2020-09-01,2,HB_NORTH,PeakWE,-0.151991
ERCOT,2019-12-05,2020-11-01,2,HB_NORTH,PeakWE,0.523878
ERCOT,2019-12-05,2020-10-01,2,HB_NORTH,PeakWE,0.981200
ERCOT,2019-12-05,2020-12-01,2,HB_NORTH,PeakWE,-0.016624
ERCOT,2020-01-03,2021-03-01,3,HB_NORTH,PeakWE,0.687696
ERCOT,2020-01-03,2021-05-01,3,HB_NORTH,PeakWE,0.918732
ERCOT,2020-01-03,2021-04-01,3,HB_NORTH,PeakWE,0.692667
ERCOT,2020-01-03,2021-02-01,3,HB_NORTH,PeakWE,-0.012871
ERCOT,2020-01-03,2021-06-01,3,HB_NORTH,PeakWE,-2.214170
ERCOT,2020-01-03,2021-01-01,3,HB_NORTH,PeakWE,-0.003868
ERCOT,2020-02-06,2021-07-01,4,HB_NORTH,PeakWE,-0.726171
ERCOT,2020-02-06,2021-08-01,4,HB_NORTH,PeakWE,-0.939323
ERCOT,2020-02-06,2021-10-01,4,HB_NORTH,PeakWE,0.502104
ERCOT,2020-02-06,2021-09-01,4,HB_NORTH,PeakWE,-0.312866
ERCOT,2020-02-06,2021-11-01,4,HB_NORTH,PeakWE,-0.329910
ERCOT,2020-02-06,2021-12-01,4,HB_NORTH,PeakWE,-0.735596
ERCOT,2020-03-05,2022-03-01,5,HB_NORTH,PeakWE,-0.354203
ERCOT,2020-03-05,2022-04-01,5,HB_NORTH,PeakWE,0.341903
ERCOT,2020-03-05,2022-02-01,5,HB_NORTH,PeakWE,-0.450000
ERCOT,2020-03-05,2022-05-01,5,HB_NORTH,PeakWE,0.090000
ERCOT,2020-03-05,2022-06-01,5,HB_NORTH,PeakWE,0.671501
ERCOT,2020-03-05,2022-01-01,5,HB_NORTH,PeakWE,-0.110677
ERCOT,2020-04-02,2022-11-01,6,HB_NORTH,PeakWE,0.069806
ERCOT,2020-04-02,2022-08-01,6,HB_NORTH,PeakWE,-0.291189
ERCOT,2020-04-02,2022-07-01,6,HB_NORTH,PeakWE,0.000000
ERCOT,2020-04-02,2022-09-01,6,HB_NORTH,PeakWE,0.260000
ERCOT,2020-04-02,2022-10-01,6,HB_NORTH,PeakWE,0.930000
ERCOT,2020-04-02,2022-12-01,6,HB_NORTH,PeakWE,-0.410000
ERCOT,2020-04-30,2020-08-01,1,HB_NORTH,PeakWE,-0.415313
ERCOT,2020-04-30,2020-07-01,1,HB_NORTH,PeakWE,-0.579200
ERCOT,2020-04-30,2020-09-01,1,HB_NORTH,PeakWE,-0.150000
ERCOT,2020-04-30,2020-11-01,1,HB_NORTH,PeakWE,0.457033
ERCOT,2020-04-30,2020-10-01,1,HB_NORTH,PeakWE,0.169513
ERCOT,2020-04-30,2020-12-01,1,HB_NORTH,PeakWE,0.052742
ERCOT,2020-06-04,2021-03-01,2,HB_NORTH,PeakWE,0.382394
ERCOT,2020-06-04,2021-05-01,2,HB_NORTH,PeakWE,0.347895
ERCOT,2020-06-04,2021-04-01,2,HB_NORTH,PeakWE,0.488205
ERCOT,2020-06-04,2021-02-01,2,HB_NORTH,PeakWE,-0.186934
ERCOT,2020-06-04,2021-06-01,2,HB_NORTH,PeakWE,-2.108721
ERCOT,2020-06-04,2021-01-01,2,HB_NORTH,PeakWE,-0.160245
ERCOT,2020-07-02,2021-07-01,3,HB_NORTH,PeakWE,-1.414601
ERCOT,2020-07-02,2021-08-01,3,HB_NORTH,PeakWE,-1.468221
ERCOT,2020-07-02,2021-10-01,3,HB_NORTH,PeakWE,0.256608
ERCOT,2020-07-02,2021-09-01,3,HB_NORTH,PeakWE,-0.625607
ERCOT,2020-07-02,2021-11-01,3,HB_NORTH,PeakWE,-0.397233
ERCOT,2020-07-02,2021-12-01,3,HB_NORTH,PeakWE,-0.275103
ERCOT,2020-08-06,2022-03-01,4,HB_NORTH,PeakWE,0.002500
ERCOT,2020-08-06,2022-04-01,4,HB_NORTH,PeakWE,0.350000
ERCOT,2020-08-06,2022-02-01,4,HB_NORTH,PeakWE,-0.617678
ERCOT,2020-08-06,2022-05-01,4,HB_NORTH,PeakWE,0.157112
ERCOT,2020-08-06,2022-06-01,4,HB_NORTH,PeakWE,-0.284133
ERCOT,2020-08-06,2022-01-01,4,HB_NORTH,PeakWE,-0.473250
ERCOT,2020-09-03,2022-11-01,5,HB_NORTH,PeakWE,-0.450000
ERCOT,2020-09-03,2022-08-01,5,HB_NORTH,PeakWE,-0.935192
ERCOT,2020-09-03,2022-07-01,5,HB_NORTH,PeakWE,-0.976224
ERCOT,2020-09-03,2022-09-01,5,HB_NORTH,PeakWE,-0.205336
ERCOT,2020-09-03,2022-10-01,5,HB_NORTH,PeakWE,0.557802
ERCOT,2020-09-03,2022-12-01,5,HB_NORTH,PeakWE,-0.170000
ERCOT,2020-10-01,2023-04-01,6,HB_NORTH,PeakWE,0.976433
ERCOT,2020-10-01,2023-05-01,6,HB_NORTH,PeakWE,0.987482
ERCOT,2020-10-01,2023-02-01,6,HB_NORTH,PeakWE,0.260240
ERCOT,2020-10-01,2023-01-01,6,HB_NORTH,PeakWE,0.244590
ERCOT,2020-10-01,2023-03-01,6,HB_NORTH,PeakWE,0.847035
ERCOT,2020-10-01,2023-06-01,6,HB_NORTH,PeakWE,0.800000
ERCOT,2020-11-05,2021-03-01,1,HB_NORTH,PeakWE,0.014723
ERCOT,2020-11-05,2021-05-01,1,HB_NORTH,PeakWE,0.072618
ERCOT,2020-11-05,2021-04-01,1,HB_NORTH,PeakWE,0.720815
ERCOT,2020-11-05,2021-02-01,1,HB_NORTH,PeakWE,-0.374954
ERCOT,2020-11-05,2021-06-01,1,HB_NORTH,PeakWE,-0.410000
ERCOT,2020-11-05,2021-01-01,1,HB_NORTH,PeakWE,-0.229220
ERCOT,2020-12-03,2021-07-01,2,HB_NORTH,PeakWE,-0.048248
ERCOT,2020-12-03,2021-08-01,2,HB_NORTH,PeakWE,-0.406160
ERCOT,2020-12-03,2021-10-01,2,HB_NORTH,PeakWE,1.320000
ERCOT,2020-12-03,2021-09-01,2,HB_NORTH,PeakWE,0.431387
ERCOT,2020-12-03,2021-11-01,2,HB_NORTH,PeakWE,-0.319791
ERCOT,2020-12-03,2021-12-01,2,HB_NORTH,PeakWE,-0.487526
ERCOT,2021-01-05,2022-03-01,3,HB_NORTH,PeakWE,-0.208891
ERCOT,2021-01-05,2022-04-01,3,HB_NORTH,PeakWE,0.490000
ERCOT,2021-01-05,2022-02-01,3,HB_NORTH,PeakWE,-0.536306
ERCOT,2021-01-05,2022-05-01,3,HB_NORTH,PeakWE,1.050000
ERCOT,2021-01-05,2022-06-01,3,HB_NORTH,PeakWE,0.448483
ERCOT,2021-01-05,2022-01-01,3,HB_NORTH,PeakWE,-0.431287
ERCOT,2021-02-04,2022-11-01,4,HB_NORTH,PeakWE,-0.836729
ERCOT,2021-02-04,2022-08-01,4,HB_NORTH,PeakWE,-0.810000
ERCOT,2021-02-04,2022-07-01,4,HB_NORTH,PeakWE,-1.098499
ERCOT,2021-02-04,2022-09-01,4,HB_NORTH,PeakWE,-1.042211
ERCOT,2021-02-04,2022-10-01,4,HB_NORTH,PeakWE,0.550000
ERCOT,2021-02-04,2022-12-01,4,HB_NORTH,PeakWE,-0.510957
ERCOT,2021-03-04,2023-04-01,5,HB_NORTH,PeakWE,0.524382
ERCOT,2021-03-04,2023-05-01,5,HB_NORTH,PeakWE,0.510000
ERCOT,2021-03-04,2023-02-01,5,HB_NORTH,PeakWE,-0.218177
ERCOT,2021-03-04,2023-01-01,5,HB_NORTH,PeakWE,-0.126262
ERCOT,2021-03-04,2023-03-01,5,HB_NORTH,PeakWE,-0.023923
ERCOT,2021-03-04,2023-06-01,5,HB_NORTH,PeakWE,0.520000
ERCOT,2021-04-01,2023-08-01,6,HB_NORTH,PeakWE,-0.640000
ERCOT,2021-04-01,2023-11-01,6,HB_NORTH,PeakWE,0.100743
ERCOT,2021-04-01,2023-09-01,6,HB_NORTH,PeakWE,-0.245000
ERCOT,2021-04-01,2023-07-01,6,HB_NORTH,PeakWE,-0.740000
ERCOT,2021-04-01,2023-12-01,6,HB_NORTH,PeakWE,-0.481996
ERCOT,2021-04-01,2023-10-01,6,HB_NORTH,PeakWE,0.628364
ERCOT,2021-05-06,2021-07-01,1,HB_NORTH,PeakWE,-0.831940
ERCOT,2021-05-06,2021-08-01,1,HB_NORTH,PeakWE,-1.102390
ERCOT,2021-05-06,2021-10-01,1,HB_NORTH,PeakWE,1.057798
ERCOT,2021-05-06,2021-09-01,1,HB_NORTH,PeakWE,0.320303
ERCOT,2021-05-06,2021-11-01,1,HB_NORTH,PeakWE,-0.333305
ERCOT,2021-05-06,2021-12-01,1,HB_NORTH,PeakWE,-0.728939
ERCOT,2021-06-03,2022-03-01,2,HB_NORTH,PeakWE,0.665121
ERCOT,2021-06-03,2022-04-01,2,HB_NORTH,PeakWE,0.767232
ERCOT,2021-06-03,2022-02-01,2,HB_NORTH,PeakWE,0.177196
ERCOT,2021-06-03,2022-05-01,2,HB_NORTH,PeakWE,1.140347
ERCOT,2021-06-03,2022-06-01,2,HB_NORTH,PeakWE,-0.110583
ERCOT,2021-06-03,2022-01-01,2,HB_NORTH,PeakWE,0.050000
ERCOT,2021-07-01,2022-11-01,3,HB_NORTH,PeakWE,-0.092761
ERCOT,2021-07-01,2022-08-01,3,HB_NORTH,PeakWE,-0.252524
ERCOT,2021-07-01,2022-07-01,3,HB_NORTH,PeakWE,-0.248164
ERCOT,2021-07-01,2022-09-01,3,HB_NORTH,PeakWE,0.621111
ERCOT,2021-07-01,2022-10-01,3,HB_NORTH,PeakWE,0.726264
ERCOT,2021-07-01,2022-12-01,3,HB_NORTH,PeakWE,-0.436722
ERCOT,2021-08-05,2023-04-01,4,HB_NORTH,PeakWE,0.294106
ERCOT,2021-08-05,2023-05-01,4,HB_NORTH,PeakWE,0.381193
ERCOT,2021-08-05,2023-02-01,4,HB_NORTH,PeakWE,-0.126061
ERCOT,2021-08-05,2023-01-01,4,HB_NORTH,PeakWE,-0.086082
ERCOT,2021-08-05,2023-03-01,4,HB_NORTH,PeakWE,0.633878
ERCOT,2021-08-05,2023-06-01,4,HB_NORTH,PeakWE,0.092066
ERCOT,2021-09-02,2023-08-01,5,HB_NORTH,PeakWE,-0.694971
ERCOT,2021-09-02,2023-11-01,5,HB_NORTH,PeakWE,0.230956
ERCOT,2021-09-02,2023-09-01,5,HB_NORTH,PeakWE,-0.001463
ERCOT,2021-09-02,2023-07-01,5,HB_NORTH,PeakWE,-0.766873
ERCOT,2021-09-02,2023-12-01,5,HB_NORTH,PeakWE,-0.888182
ERCOT,2021-09-02,2023-10-01,5,HB_NORTH,PeakWE,1.002253
ERCOT,2021-09-30,2024-01-01,6,HB_NORTH,PeakWE,-0.198150
ERCOT,2021-09-30,2024-04-01,6,HB_NORTH,PeakWE,-0.154645
ERCOT,2021-09-30,2024-06-01,6,HB_NORTH,PeakWE,-0.608817
ERCOT,2021-09-30,2024-05-01,6,HB_NORTH,PeakWE,-0.902222
ERCOT,2021-09-30,2024-03-01,6,HB_NORTH,PeakWE,-0.293901
ERCOT,2021-09-30,2024-02-01,6,HB_NORTH,PeakWE,-0.548750
ERCOT,2021-11-04,2022-03-01,1,HB_NORTH,PeakWE,-1.319844
ERCOT,2021-11-04,2022-04-01,1,HB_NORTH,PeakWE,0.346524
ERCOT,2021-11-04,2022-02-01,1,HB_NORTH,PeakWE,-2.246144
ERCOT,2021-11-04,2022-05-01,1,HB_NORTH,PeakWE,1.069850
ERCOT,2021-11-04,2022-06-01,1,HB_NORTH,PeakWE,0.703633
ERCOT,2021-11-04,2022-01-01,1,HB_NORTH,PeakWE,-1.700810
ERCOT,2021-12-02,2022-11-01,2,HB_NORTH,PeakWE,0.038523
ERCOT,2021-12-02,2022-08-01,2,HB_NORTH,PeakWE,-0.431114
ERCOT,2021-12-02,2022-07-01,2,HB_NORTH,PeakWE,-0.033340
ERCOT,2021-12-02,2022-09-01,2,HB_NORTH,PeakWE,0.489950
ERCOT,2021-12-02,2022-10-01,2,HB_NORTH,PeakWE,2.098080
ERCOT,2021-12-02,2022-12-01,2,HB_NORTH,PeakWE,-0.546687
ERCOT,2022-01-04,2023-04-01,3,HB_NORTH,PeakWE,0.700008
ERCOT,2022-01-04,2023-05-01,3,HB_NORTH,PeakWE,0.152507
ERCOT,2022-01-04,2023-02-01,3,HB_NORTH,PeakWE,-0.850000
ERCOT,2022-01-04,2023-01-01,3,HB_NORTH,PeakWE,-1.264523
ERCOT,2022-01-04,2023-03-01,3,HB_NORTH,PeakWE,1.008565
ERCOT,2022-01-04,2023-06-01,3,HB_NORTH,PeakWE,0.226770
ERCOT,2022-02-03,2023-08-01,4,HB_NORTH,PeakWE,-1.911539
ERCOT,2022-02-03,2023-11-01,4,HB_NORTH,PeakWE,-0.842554
ERCOT,2022-02-03,2023-09-01,4,HB_NORTH,PeakWE,-1.063769
ERCOT,2022-02-03,2023-07-01,4,HB_NORTH,PeakWE,-1.750000
ERCOT,2022-02-03,2023-12-01,4,HB_NORTH,PeakWE,-2.574966
ERCOT,2022-02-03,2023-10-01,4,HB_NORTH,PeakWE,-0.874609
ERCOT,2022-03-03,2024-01-01,5,HB_NORTH,PeakWE,-1.118316
ERCOT,2022-03-03,2024-04-01,5,HB_NORTH,PeakWE,-0.741963
ERCOT,2022-03-03,2024-06-01,5,HB_NORTH,PeakWE,-1.090632
ERCOT,2022-03-03,2024-05-01,5,HB_NORTH,PeakWE,-0.985405
ERCOT,2022-03-03,2024-03-01,5,HB_NORTH,PeakWE,-1.595762
ERCOT,2022-03-03,2024-02-01,5,HB_NORTH,PeakWE,-1.367055
ERCOT,2022-03-31,2024-11-01,6,HB_NORTH,PeakWE,1.452280
ERCOT,2022-03-31,2024-09-01,6,HB_NORTH,PeakWE,1.048731
ERCOT,2022-03-31,2024-08-01,6,HB_NORTH,PeakWE,-0.108689
ERCOT,2022-03-31,2024-07-01,6,HB_NORTH,PeakWE,-0.108689
ERCOT,2022-03-31,2024-10-01,6,HB_NORTH,PeakWE,2.850829
ERCOT,2022-03-31,2024-12-01,6,HB_NORTH,PeakWE,0.246634
ERCOT,2022-05-05,2022-11-01,1,HB_NORTH,PeakWE,-2.507483
ERCOT,2022-05-05,2022-08-01,1,HB_NORTH,PeakWE,-3.550109
ERCOT,2022-05-05,2022-07-01,1,HB_NORTH,PeakWE,-3.285937
ERCOT,2022-05-05,2022-09-01,1,HB_NORTH,PeakWE,-2.221344
ERCOT,2022-05-05,2022-10-01,1,HB_NORTH,PeakWE,-1.131588
ERCOT,2022-05-05,2022-12-01,1,HB_NORTH,PeakWE,-4.615041
ERCOT,2022-06-02,2023-04-01,2,HB_NORTH,PeakWE,1.727269
ERCOT,2022-06-02,2023-05-01,2,HB_NORTH,PeakWE,2.660886
ERCOT,2022-06-02,2023-02-01,2,HB_NORTH,PeakWE,-3.785448
ERCOT,2022-06-02,2023-01-01,2,HB_NORTH,PeakWE,-3.950000
ERCOT,2022-06-02,2023-03-01,2,HB_NORTH,PeakWE,0.950000
ERCOT,2022-06-02,2023-06-01,2,HB_NORTH,PeakWE,1.727269
ERCOT,2022-06-30,2023-08-01,3,HB_NORTH,PeakWE,-1.327446
ERCOT,2022-06-30,2023-11-01,3,HB_NORTH,PeakWE,-0.230175
ERCOT,2022-06-30,2023-09-01,3,HB_NORTH,PeakWE,1.478418
ERCOT,2022-06-30,2023-07-01,3,HB_NORTH,PeakWE,0.254433
ERCOT,2022-06-30,2023-12-01,3,HB_NORTH,PeakWE,-4.656934
ERCOT,2022-06-30,2023-10-01,3,HB_NORTH,PeakWE,5.732397
ERCOT,2022-08-04,2024-01-01,4,HB_NORTH,PeakWE,-2.354917
ERCOT,2022-08-04,2024-04-01,4,HB_NORTH,PeakWE,3.519102
ERCOT,2022-08-04,2024-06-01,4,HB_NORTH,PeakWE,1.726486
ERCOT,2022-08-04,2024-05-01,4,HB_NORTH,PeakWE,4.126784
ERCOT,2022-08-04,2024-03-01,4,HB_NORTH,PeakWE,4.420670
ERCOT,2022-08-04,2024-02-01,4,HB_NORTH,PeakWE,-2.998183
ERCOT,2022-09-01,2024-11-01,5,HB_NORTH,PeakWE,2.369767
ERCOT,2022-09-01,2024-09-01,5,HB_NORTH,PeakWE,0.857923
ERCOT,2022-09-01,2024-08-01,5,HB_NORTH,PeakWE,-3.756923
ERCOT,2022-09-01,2024-07-01,5,HB_NORTH,PeakWE,-3.390858
ERCOT,2022-09-01,2024-10-01,5,HB_NORTH,PeakWE,7.520883
ERCOT,2022-09-01,2024-12-01,5,HB_NORTH,PeakWE,-0.761897
ERCOT,2022-10-06,2025-01-01,6,HB_NORTH,PeakWE,-5.338806
ERCOT,2022-10-06,2025-04-01,6,HB_NORTH,PeakWE,2.803283
ERCOT,2022-10-06,2025-06-01,6,HB_NORTH,PeakWE,-1.084485
ERCOT,2022-10-06,2025-05-01,6,HB_NORTH,PeakWE,1.284588
ERCOT,2022-10-06,2025-03-01,6,HB_NORTH,PeakWE,0.954278
ERCOT,2022-10-06,2025-02-01,6,HB_NORTH,PeakWE,-5.007975
ERCOT,2022-11-03,2023-04-01,1,HB_NORTH,PeakWE,1.944871
ERCOT,2022-11-03,2023-05-01,1,HB_NORTH,PeakWE,2.933234
ERCOT,2022-11-03,2023-02-01,1,HB_NORTH,PeakWE,-3.079842
ERCOT,2022-11-03,2023-01-01,1,HB_NORTH,PeakWE,-2.992568
ERCOT,2022-11-03,2023-03-01,1,HB_NORTH,PeakWE,1.850759
ERCOT,2022-11-03,2023-06-01,1,HB_NORTH,PeakWE,0.890846
ERCOT,2022-12-01,2023-08-01,2,HB_NORTH,PeakWE,-3.321226
ERCOT,2022-12-01,2023-11-01,2,HB_NORTH,PeakWE,-1.375034
ERCOT,2022-12-01,2023-09-01,2,HB_NORTH,PeakWE,-2.250000
ERCOT,2022-12-01,2023-07-01,2,HB_NORTH,PeakWE,-3.496990
ERCOT,2022-12-01,2023-12-01,2,HB_NORTH,PeakWE,-3.836788
ERCOT,2022-12-01,2023-10-01,2,HB_NORTH,PeakWE,1.854964
ERCOT,2022-12-29,2024-01-01,3,HB_NORTH,PeakWE,-3.726288
ERCOT,2022-12-29,2024-04-01,3,HB_NORTH,PeakWE,1.310677
ERCOT,2022-12-29,2024-06-01,3,HB_NORTH,PeakWE,-1.870000
ERCOT,2022-12-29,2024-05-01,3,HB_NORTH,PeakWE,-0.420000
ERCOT,2022-12-29,2024-03-01,3,HB_NORTH,PeakWE,-1.163000
ERCOT,2022-12-29,2024-02-01,3,HB_NORTH,PeakWE,-4.665780
ERCOT,2023-02-02,2024-11-01,4,HB_NORTH,PeakWE,-0.561533
ERCOT,2023-02-02,2024-09-01,4,HB_NORTH,PeakWE,-2.676870
ERCOT,2023-02-02,2024-08-01,4,HB_NORTH,PeakWE,-4.852244
ERCOT,2023-02-02,2024-07-01,4,HB_NORTH,PeakWE,-4.492072
ERCOT,2023-02-02,2024-10-01,4,HB_NORTH,PeakWE,4.197500
ERCOT,2023-02-02,2024-12-01,4,HB_NORTH,PeakWE,-4.088420
ERCOT,2023-03-02,2025-01-01,5,HB_NORTH,PeakWE,-5.101192
ERCOT,2023-03-02,2025-04-01,5,HB_NORTH,PeakWE,-0.729105
ERCOT,2023-03-02,2025-06-01,5,HB_NORTH,PeakWE,-5.530000
ERCOT,2023-03-02,2025-05-01,5,HB_NORTH,PeakWE,-2.570000
ERCOT,2023-03-02,2025-03-01,5,HB_NORTH,PeakWE,-1.400000
ERCOT,2023-03-02,2025-02-01,5,HB_NORTH,PeakWE,-5.274496
ERCOT,2023-04-06,2025-11-01,6,HB_NORTH,PeakWE,1.070079
ERCOT,2023-04-06,2025-07-01,6,HB_NORTH,PeakWE,-2.480000
ERCOT,2023-04-06,2025-08-01,6,HB_NORTH,PeakWE,-2.580000
ERCOT,2023-04-06,2025-09-01,6,HB_NORTH,PeakWE,-0.411318
ERCOT,2023-04-06,2025-10-01,6,HB_NORTH,PeakWE,5.254695
ERCOT,2023-04-06,2025-12-01,6,HB_NORTH,PeakWE,-2.730000
ERCOT,2023-05-04,2023-08-01,1,HB_NORTH,PeakWE,-1.445403
ERCOT,2023-05-04,2023-11-01,1,HB_NORTH,PeakWE,-1.390000
ERCOT,2023-05-04,2023-09-01,1,HB_NORTH,PeakWE,-0.021893
ERCOT,2023-05-04,2023-07-01,1,HB_NORTH,PeakWE,-1.188838
ERCOT,2023-05-04,2023-12-01,1,HB_NORTH,PeakWE,-2.254833
ERCOT,2023-05-04,2023-10-01,1,HB_NORTH,PeakWE,0.920000
ERCOT,2023-06-01,2024-01-01,2,HB_NORTH,PeakWE,-2.631942
ERCOT,2023-06-01,2024-04-01,2,HB_NORTH,PeakWE,4.031831
ERCOT,2023-06-01,2024-06-01,2,HB_NORTH,PeakWE,-2.984113
ERCOT,2023-06-01,2024-05-01,2,HB_NORTH,PeakWE,0.087935
ERCOT,2023-06-01,2024-03-01,2,HB_NORTH,PeakWE,0.700889
ERCOT,2023-06-01,2024-02-01,2,HB_NORTH,PeakWE,-2.981112
ERCOT,2023-07-06,2024-11-01,3,HB_NORTH,PeakWE,0.226861
ERCOT,2023-07-06,2024-09-01,3,HB_NORTH,PeakWE,-0.248648
ERCOT,2023-07-06,2024-08-01,3,HB_NORTH,PeakWE,-0.558494
ERCOT,2023-07-06,2024-07-01,3,HB_NORTH,PeakWE,-0.159438
ERCOT,2023-07-06,2024-10-01,3,HB_NORTH,PeakWE,3.921406
ERCOT,2023-07-06,2024-12-01,3,HB_NORTH,PeakWE,-0.607858
ERCOT,2023-08-03,2025-01-01,4,HB_NORTH,PeakWE,-4.568652
ERCOT,2023-08-03,2025-04-01,4,HB_NORTH,PeakWE,0.485437
ERCOT,2023-08-03,2025-06-01,4,HB_NORTH,PeakWE,-3.854128
ERCOT,2023-08-03,2025-05-01,4,HB_NORTH,PeakWE,-1.356220
ERCOT,2023-08-03,2025-03-01,4,HB_NORTH,PeakWE,-0.775540
ERCOT,2023-08-03,2025-02-01,4,HB_NORTH,PeakWE,-4.600000
ERCOT,2023-08-31,2025-11-01,5,HB_NORTH,PeakWE,2.280224
ERCOT,2023-08-31,2025-07-01,5,HB_NORTH,PeakWE,-2.350000
ERCOT,2023-08-31,2025-08-01,5,HB_NORTH,PeakWE,-2.450000
ERCOT,2023-08-31,2025-09-01,5,HB_NORTH,PeakWE,-0.240000
ERCOT,2023-08-31,2025-10-01,5,HB_NORTH,PeakWE,4.500000
ERCOT,2023-08-31,2025-12-01,5,HB_NORTH,PeakWE,-2.604444
ERCOT,2023-10-05,2026-04-01,6,HB_NORTH,PeakWE,2.706033
ERCOT,2023-10-05,2026-01-01,6,HB_NORTH,PeakWE,-2.505904
ERCOT,2023-10-05,2026-06-01,6,HB_NORTH,PeakWE,-0.891250
ERCOT,2023-10-05,2026-03-01,6,HB_NORTH,PeakWE,1.685556
ERCOT,2023-10-05,2026-02-01,6,HB_NORTH,PeakWE,-2.818893
ERCOT,2023-10-05,2026-05-01,6,HB_NORTH,PeakWE,0.272313
ERCOT,2023-11-02,2024-01-01,1,HB_NORTH,PeakWE,-2.148132
ERCOT,2023-11-02,2024-04-01,1,HB_NORTH,PeakWE,2.352032
ERCOT,2023-11-02,2024-06-01,1,HB_NORTH,PeakWE,-1.154709
ERCOT,2023-11-02,2024-05-01,1,HB_NORTH,PeakWE,-0.486801
ERCOT,2023-11-02,2024-03-01,1,HB_NORTH,PeakWE,0.852146
ERCOT,2023-11-02,2024-02-01,1,HB_NORTH,PeakWE,-2.586161
ERCOT,2023-11-30,2024-11-01,2,HB_NORTH,PeakWE,0.174685
ERCOT,2023-11-30,2024-09-01,2,HB_NORTH,PeakWE,-0.705600
ERCOT,2023-11-30,2024-08-01,2,HB_NORTH,PeakWE,-3.652529
ERCOT,2023-11-30,2024-07-01,2,HB_NORTH,PeakWE,-3.358282
ERCOT,2023-11-30,2024-10-01,2,HB_NORTH,PeakWE,1.775382
ERCOT,2023-11-30,2024-12-01,2,HB_NORTH,PeakWE,-1.370998
ERCOT,2023-12-28,2025-01-01,3,HB_NORTH,PeakWE,-3.874518
ERCOT,2023-12-28,2025-04-01,3,HB_NORTH,PeakWE,2.287751
ERCOT,2023-12-28,2025-06-01,3,HB_NORTH,PeakWE,-3.518627
ERCOT,2023-12-28,2025-05-01,3,HB_NORTH,PeakWE,-0.351629
ERCOT,2023-12-28,2025-03-01,3,HB_NORTH,PeakWE,0.338582
ERCOT,2023-12-28,2025-02-01,3,HB_NORTH,PeakWE,-3.279187
